Name,Address,Cuisine Tags,Rating,Features,Price Range,Detail URL,Reservation Link,Source URL
Crab House Brooklyn All You Can Eat Seafood,Coney Island,"Seafood, Buffets, Cajun/Creole",4.3,"× Delivery, √ Takeout",$$$$,https://www.yelp.com/biz/crab-house-brooklyn-all-you-can-eat-seafood-brooklyn-4?osq=Restaurants,https://www.yelp.com/search?find_desc=Restaurants&find_loc=Brooklyn%2C+NY,https://www.yelp.com/search?find_desc=Restaurants&find_loc=Brooklyn%2C+NY
Macosa Trattoria,Bedford Stuyvesant,"Italian, Comfort Food",4.5,"√ Outdoor seating, × Delivery, √ Takeout",,https://www.yelp.com/biz/macosa-trattoria-brooklyn?osq=Restaurants,https://www.yelp.com/search?find_desc=Restaurants&find_loc=Brooklyn%2C+NY,https://www.yelp.com/search?find_desc=Restaurants&find_loc=Brooklyn%2C+NY
Brooklyn Residency,Bedford Stuyvesant,Cafes,4.3,"× Outdoor seating, √ Delivery, √ Takeout",,https://www.yelp.com/biz/brooklyn-residency-brooklyn?osq=Restaurants,https://www.yelp.com/biz/5mISNN637bBiT42hQIaTSw?show_platform_modal=True,https://www.yelp.com/search?find_desc=Restaurants&find_loc=Brooklyn%2C+NY
Altar,Crown Heights,"Cocktail Bars, Wine Bars, Tapas/Small Plates",4.5,"√ Outdoor seating, × Delivery, × Takeout",,https://www.yelp.com/biz/altar-brooklyn?osq=Restaurants,https://www.yelp.com/search?find_desc=Restaurants&find_loc=Brooklyn%2C+NY,https://www.yelp.com/search?find_desc=Restaurants&find_loc=Brooklyn%2C+NY
Trad Room,Bedford Stuyvesant,"Japanese, Sushi Bars, Cocktail Bars",4.3,"√ Outdoor seating, √ Delivery, √ Takeout",$$,https://www.yelp.com/biz/trad-room-brooklyn-2?osq=Restaurants,https://www.yelp.com/biz/fHHpSKT9u7PQBYaMW5cEkA?show_platform_modal=True,https://www.yelp.com/search?find_desc=Restaurants&find_loc=Brooklyn%2C+NY
Cornbread Brooklyn,Crown Heights,"Soul Food, Southern",4.3,× Outdoor seating,$$,https://www.yelp.com/biz/cornbread-brooklyn-new-york?osq=Restaurants,https://www.yelp.com/search?find_desc=Restaurants&find_loc=Brooklyn%2C+NY,https://www.yelp.com/search?find_desc=Restaurants&find_loc=Brooklyn%2C+NY
The Ryerson,Crown Heights,"Cocktail Bars, American (Traditional)",4.4,"√ Outdoor seating, √ Delivery, √ Takeout",$$,https://www.yelp.com/biz/the-ryerson-brooklyn?osq=Restaurants,https://www.yelp.com/biz/E8gpCgCVaO2hNEPTrh4n2A?show_platform_modal=True,https://www.yelp.com/search?find_desc=Restaurants&find_loc=Brooklyn%2C+NY
Secret Garden,Bedford Stuyvesant,"Cafes, Tea Rooms, Vegan",4.7,"√ Outdoor seating, √ Delivery, √ Takeout",,https://www.yelp.com/biz/secret-garden-brooklyn-4?osq=Restaurants,https://www.yelp.com/biz/S3qnPndTrNlgJnf_5oOrag?show_platform_modal=True,https://www.yelp.com/search?find_desc=Restaurants&find_loc=Brooklyn%2C+NY
Bar Camillo,Bedford Stuyvesant,"Italian, Pizza, Beer, Wine & Spirits",4.3,"√ Outdoor seating, √ Delivery, √ Takeout",,https://www.yelp.com/biz/bar-camillo-brooklyn?osq=Restaurants,https://www.yelp.com/search?find_desc=Restaurants&find_loc=Brooklyn%2C+NY,https://www.yelp.com/search?find_desc=Restaurants&find_loc=Brooklyn%2C+NY
Peaches HotHouse,Bedford Stuyvesant,"Southern, American (Traditional), Bars",3.9,"√ Outdoor seating, √ Delivery",$$,https://www.yelp.com/biz/peaches-hothouse-brooklyn?osq=Restaurants,https://www.yelp.com/search?find_desc=Restaurants&find_loc=Brooklyn%2C+NY,https://www.yelp.com/search?find_desc=Restaurants&find_loc=Brooklyn%2C+NY
Names,Prospect Lefferts Gardens,"Ramen, Beer, Wine & Spirits, Seafood",4.1,"√ Outdoor seating, × Delivery, √ Takeout",$$,https://www.yelp.com/biz/names-brooklyn-3?osq=Restaurants,https://www.yelp.com/search?find_desc=Restaurants&find_loc=Brooklyn%2C+NY&start=10,https://www.yelp.com/search?find_desc=Restaurants&find_loc=Brooklyn%2C+NY&start=10
Otis,East Williamsburg,"American (New), Cocktail Bars",4.8,"√ Outdoor seating, × Delivery, × Takeout",$$$,https://www.yelp.com/biz/otis-brooklyn-2?osq=Restaurants,https://www.yelp.com/search?find_desc=Restaurants&find_loc=Brooklyn%2C+NY&start=10,https://www.yelp.com/search?find_desc=Restaurants&find_loc=Brooklyn%2C+NY&start=10
Lowerline,Prospect Heights,"Cajun/Creole, Seafood, Southern",4.6,"√ Outdoor seating, √ Delivery, √ Takeout",$$,https://www.yelp.com/biz/lowerline-brooklyn-2?osq=Restaurants,https://www.yelp.com/biz/swKXaURwqdSrSTcpHsxdbA?show_platform_modal=True,https://www.yelp.com/search?find_desc=Restaurants&find_loc=Brooklyn%2C+NY&start=10
Three Maples,Bedford Stuyvesant,"Burgers, Cocktail Bars, American (New)",4.9,"× Outdoor seating, × Delivery, √ Takeout",,https://www.yelp.com/biz/three-maples-brooklyn-2?osq=Restaurants,https://www.yelp.com/search?find_desc=Restaurants&find_loc=Brooklyn%2C+NY&start=10,https://www.yelp.com/search?find_desc=Restaurants&find_loc=Brooklyn%2C+NY&start=10
Camillo,Prospect Lefferts Gardens,Italian,4.2,"√ Outdoor seating, √ Delivery, √ Takeout",$$,https://www.yelp.com/biz/camillo-brooklyn?osq=Restaurants,https://www.yelp.com/search?find_desc=Restaurants&find_loc=Brooklyn%2C+NY&start=10,https://www.yelp.com/search?find_desc=Restaurants&find_loc=Brooklyn%2C+NY&start=10
Chavela’s,Crown Heights,"Mexican, Bars",3.9,"√ Outdoor seating, √ Delivery, √ Takeout",$$,https://www.yelp.com/biz/chavelas-brooklyn-2?osq=Restaurants,https://www.yelp.com/biz/mhrLDFTxUzW2koRAzjlt5g?show_platform_modal=True,https://www.yelp.com/search?find_desc=Restaurants&find_loc=Brooklyn%2C+NY&start=10
Agi’s Counter,Crown Heights,Hungarian,4.5,,,https://www.yelp.com/biz/agis-counter-brooklyn?osq=Restaurants,https://www.yelp.com/search?find_desc=Restaurants&find_loc=Brooklyn%2C+NY&start=10,https://www.yelp.com/search?find_desc=Restaurants&find_loc=Brooklyn%2C+NY&start=10
Mayfield,Crown Heights,"American (New), Breakfast & Brunch",4.0,"√ Outdoor seating, √ Delivery, √ Takeout",$$,https://www.yelp.com/biz/mayfield-brooklyn?osq=Restaurants,https://www.yelp.com/biz/DOdamkEm9JWR9s6VH_NuOQ?show_platform_modal=True,https://www.yelp.com/search?find_desc=Restaurants&find_loc=Brooklyn%2C+NY&start=10
Zatar,Bushwick,"Middle Eastern, Falafel, American (New)",4.4,"√ Outdoor seating, √ Delivery, √ Takeout",$$,https://www.yelp.com/biz/zatar-brooklyn-2?osq=Restaurants,https://www.yelp.com/biz/CviK6c6BkxN_TTZahdvwyA?show_platform_modal=True,https://www.yelp.com/search?find_desc=Restaurants&find_loc=Brooklyn%2C+NY&start=10
Concrete Brooklyn,Bushwick,"Bars, Italian, Venues & Event Spaces",5.0,"√ Delivery, √ Takeout",,https://www.yelp.com/biz/concrete-brooklyn-brooklyn?osq=Restaurants,https://www.yelp.com/search?find_desc=Restaurants&find_loc=Brooklyn%2C+NY&start=10,https://www.yelp.com/search?find_desc=Restaurants&find_loc=Brooklyn%2C+NY&start=10
Jemz,Crown Heights,Caribbean,4.3,"√ Outdoor seating, √ Delivery, √ Takeout",$$,https://www.yelp.com/biz/jemz-crown-heights?osq=Restaurants,https://www.yelp.com/biz/GeVYBt9s4fGzG21OVjmznQ?show_platform_modal=True,https://www.yelp.com/search?find_desc=Restaurants&find_loc=Brooklyn%2C+NY&start=20
For All Things Good,Clinton Hill,"Cafes, Mexican",4.4,"√ Outdoor seating, √ Delivery, √ Takeout",$$,https://www.yelp.com/biz/for-all-things-good-brooklyn?osq=Restaurants,https://www.yelp.com/search?find_desc=Restaurants&find_loc=Brooklyn%2C+NY&start=20,https://www.yelp.com/search?find_desc=Restaurants&find_loc=Brooklyn%2C+NY&start=20
Cheri’s Bedstuy,Bedford Stuyvesant,"Southern, Seafood, Breakfast & Brunch",4.2,√ Outdoor seating,$$,https://www.yelp.com/biz/cheris-bedstuy-brooklyn?osq=Restaurants,https://www.yelp.com/search?find_desc=Restaurants&find_loc=Brooklyn%2C+NY&start=20,https://www.yelp.com/search?find_desc=Restaurants&find_loc=Brooklyn%2C+NY&start=20
Honey Badger,Prospect Lefferts Gardens,"American (New), Seafood",4.1,"√ Outdoor seating, √ Delivery, √ Takeout",$$$,https://www.yelp.com/biz/honey-badger-brooklyn-2?osq=Restaurants,https://www.yelp.com/search?find_desc=Restaurants&find_loc=Brooklyn%2C+NY&start=20,https://www.yelp.com/search?find_desc=Restaurants&find_loc=Brooklyn%2C+NY&start=20
Marian’s,Bedford Stuyvesant,"Bars, Jazz & Blues, Cafes",4.2,"√ Outdoor seating, × Delivery, √ Takeout",,https://www.yelp.com/biz/marian-s-new-york?osq=Restaurants,https://www.yelp.com/search?find_desc=Restaurants&find_loc=Brooklyn%2C+NY&start=20,https://www.yelp.com/search?find_desc=Restaurants&find_loc=Brooklyn%2C+NY&start=20
Fukurou Brooklyn,Bushwick,Ramen,4.4,"√ Outdoor seating, √ Delivery, √ Takeout",,https://www.yelp.com/biz/fukurou-brooklyn-new-york-2?osq=Restaurants,https://www.yelp.com/biz/O7b3WKYglyu_3lYxN7GXRQ?show_platform_modal=True,https://www.yelp.com/search?find_desc=Restaurants&find_loc=Brooklyn%2C+NY&start=20
Mama Kitchen,Bedford Stuyvesant,"Kosher, Middle Eastern",4.6,"√ Delivery, √ Takeout",,https://www.yelp.com/biz/mama-kitchen-brooklyn?osq=Restaurants,https://www.yelp.com/biz/K2QvVZ1mXc1xZdA0NLlf9Q?show_platform_modal=True,https://www.yelp.com/search?find_desc=Restaurants&find_loc=Brooklyn%2C+NY&start=20
Nostrand Cafe,Bedford Stuyvesant,"Korean, Breakfast & Brunch, Coffee Roasteries",4.4,,$$,https://www.yelp.com/biz/nostrand-cafe-brooklyn?osq=Restaurants,https://www.yelp.com/search?find_desc=Restaurants&find_loc=Brooklyn%2C+NY&start=20,https://www.yelp.com/search?find_desc=Restaurants&find_loc=Brooklyn%2C+NY&start=20
Amy Thai Bistro,Prospect Lefferts Gardens,Thai,4.5,"× Outdoor seating, √ Delivery, √ Takeout",$$,https://www.yelp.com/biz/amy-thai-bistro-brooklyn?osq=Restaurants,https://www.yelp.com/search?find_desc=Restaurants&find_loc=Brooklyn%2C+NY&start=20,https://www.yelp.com/search?find_desc=Restaurants&find_loc=Brooklyn%2C+NY&start=20
Mama Fox,Bedford Stuyvesant,"American (New), Cocktail Bars",4.1,"√ Outdoor seating, √ Delivery, √ Takeout",$$,https://www.yelp.com/biz/mama-fox-brooklyn?osq=Restaurants,https://www.yelp.com/search?find_desc=Restaurants&find_loc=Brooklyn%2C+NY&start=20,https://www.yelp.com/search?find_desc=Restaurants&find_loc=Brooklyn%2C+NY&start=20
Klom Klorm,Bushwick,Thai,4.3,"√ Outdoor seating, √ Delivery, √ Takeout",$$,https://www.yelp.com/biz/klom-klorm-brooklyn?osq=Restaurants,https://www.yelp.com/biz/n20BmzZ-KGd0RCKcPGRv1A?show_platform_modal=True,https://www.yelp.com/search?find_desc=Restaurants&find_loc=Brooklyn%2C+NY&start=30
Mama Kitchen,Bedford Stuyvesant,"Kosher, Middle Eastern",4.6,"√ Delivery, √ Takeout",,https://www.yelp.com/biz/mama-kitchen-brooklyn?osq=Restaurants,https://www.yelp.com/biz/K2QvVZ1mXc1xZdA0NLlf9Q?show_platform_modal=True,https://www.yelp.com/search?find_desc=Restaurants&find_loc=Brooklyn%2C+NY&start=30
Bonafini,Prospect Lefferts Gardens,"Breakfast & Brunch, Italian",4.2,"√ Outdoor seating, √ Delivery, √ Takeout",$$,https://www.yelp.com/biz/bonafini-brooklyn-2?osq=Restaurants,https://www.yelp.com/biz/wnyX_yg4ddSDkupwFKftIA?show_platform_modal=True,https://www.yelp.com/search?find_desc=Restaurants&find_loc=Brooklyn%2C+NY&start=30
Nostrand Cafe,Bedford Stuyvesant,"Korean, Breakfast & Brunch, Coffee Roasteries",4.4,,$$,https://www.yelp.com/biz/nostrand-cafe-brooklyn?osq=Restaurants,https://www.yelp.com/search?find_desc=Restaurants&find_loc=Brooklyn%2C+NY&start=30,https://www.yelp.com/search?find_desc=Restaurants&find_loc=Brooklyn%2C+NY&start=30
Mama Fox,Bedford Stuyvesant,"American (New), Cocktail Bars",4.1,"√ Outdoor seating, √ Delivery, √ Takeout",$$,https://www.yelp.com/biz/mama-fox-brooklyn?osq=Restaurants,https://www.yelp.com/search?find_desc=Restaurants&find_loc=Brooklyn%2C+NY&start=30,https://www.yelp.com/search?find_desc=Restaurants&find_loc=Brooklyn%2C+NY&start=30
Uotora,Crown Heights,"Japanese, Sushi Bars",4.4,"√ Outdoor seating, √ Delivery, √ Takeout",$$$$,https://www.yelp.com/biz/uotora-brooklyn?osq=Restaurants,https://www.yelp.com/biz/LjAt-SP7BwIpp56TZHVsWA?show_platform_modal=True,https://www.yelp.com/search?find_desc=Restaurants&find_loc=Brooklyn%2C+NY&start=30
D’Antan|vino Naturale & cucina Italiana,Crown Heights,"Italian, Wine Bars",4.4,√ Outdoor seating,,https://www.yelp.com/biz/d-antan-vino-naturale-and-cucina-italiana-brooklyn?osq=Restaurants,https://www.yelp.com/search?find_desc=Restaurants&find_loc=Brooklyn%2C+NY&start=30,https://www.yelp.com/search?find_desc=Restaurants&find_loc=Brooklyn%2C+NY&start=30
Colina Cuervo,Crown Heights,"Cafes, Latin American, Coffee & Tea",4.5,"√ Outdoor seating, √ Delivery, √ Takeout",$$,https://www.yelp.com/biz/colina-cuervo-brooklyn?osq=Restaurants,https://www.yelp.com/biz/lj1dgpWHiymVFNWp3vzC1A?show_platform_modal=True,https://www.yelp.com/search?find_desc=Restaurants&find_loc=Brooklyn%2C+NY&start=30
High Lúa Vietnamese Kitchen,Williamsburg - South Side,Vietnamese,4.3,"√ Outdoor seating, √ Delivery, √ Takeout",$$,https://www.yelp.com/biz/high-l%C3%BAa-vietnamese-kitchen-brooklyn?osq=Restaurants,https://www.yelp.com/biz/gl9UKHI6G-JhIBjjLFOhYA?show_platform_modal=True,https://www.yelp.com/search?find_desc=Restaurants&find_loc=Brooklyn%2C+NY&start=30
Daughter,Crown Heights,"Cafes, Desserts, Wine Bars",4.6,,,https://www.yelp.com/biz/daughter-brooklyn?osq=Restaurants,https://www.yelp.com/search?find_desc=Restaurants&find_loc=Brooklyn%2C+NY&start=30,https://www.yelp.com/search?find_desc=Restaurants&find_loc=Brooklyn%2C+NY&start=30
Winona’s,Bedford Stuyvesant,American (Traditional),4.6,√ Outdoor seating,,https://www.yelp.com/biz/winonas-brooklyn?osq=Restaurants,https://www.yelp.com/search?find_desc=Restaurants&find_loc=Brooklyn%2C+NY&start=40,https://www.yelp.com/search?find_desc=Restaurants&find_loc=Brooklyn%2C+NY&start=40
Ras Plant Based,Crown Heights,"Ethiopian, Vegan, Vegetarian",4.8,"√ Outdoor seating, √ Delivery, √ Takeout",$$,https://www.yelp.com/biz/ras-plant-based-brooklyn?osq=Restaurants,https://www.yelp.com/biz/roT-M9epcHDOGjYgGmWpoA?show_platform_modal=True,https://www.yelp.com/search?find_desc=Restaurants&find_loc=Brooklyn%2C+NY&start=40
Chef Katsu Brooklyn,Clinton Hill,"Pop-Up Restaurants, Burgers, Cooking Classes",4.4,"√ Outdoor seating, √ Delivery, √ Takeout",$$,https://www.yelp.com/biz/chef-katsu-brooklyn-brooklyn?osq=Restaurants,https://www.yelp.com/biz/hjCZ_yYicZPDTdnYJkrAeQ?show_platform_modal=True,https://www.yelp.com/search?find_desc=Restaurants&find_loc=Brooklyn%2C+NY&start=40
The Monkey King,Bushwick,"Chinese, Asian Fusion, Bangladeshi",4.5,"√ Outdoor seating, √ Delivery, √ Takeout",$$,https://www.yelp.com/biz/the-monkey-king-brooklyn-2?osq=Restaurants,https://www.yelp.com/biz/4npQPrRezdLIkKWMdXpjFA?show_platform_modal=True,https://www.yelp.com/search?find_desc=Restaurants&find_loc=Brooklyn%2C+NY&start=40
& Sons,Prospect Lefferts Gardens,"Wine Bars, American (New), Tapas/Small Plates",4.6,"√ Delivery, √ Takeout",,https://www.yelp.com/biz/and-sons-brooklyn?osq=Restaurants,https://www.yelp.com/search?find_desc=Restaurants&find_loc=Brooklyn%2C+NY&start=40,https://www.yelp.com/search?find_desc=Restaurants&find_loc=Brooklyn%2C+NY&start=40
Newyorktitlan,Bushwick,"New Mexican Cuisine, Breakfast & Brunch, Cafeteria",4.7,"× Outdoor seating, √ Delivery, √ Takeout",$$,https://www.yelp.com/biz/newyorktitlan-brooklyn?osq=Restaurants,https://www.yelp.com/search?find_desc=Restaurants&find_loc=Brooklyn%2C+NY&start=40,https://www.yelp.com/search?find_desc=Restaurants&find_loc=Brooklyn%2C+NY&start=40
Sweet Catch,Prospect Lefferts Gardens,Seafood,4.1,,$$$,https://www.yelp.com/biz/sweet-catch-brooklyn?osq=Restaurants,https://www.yelp.com/search?find_desc=Restaurants&find_loc=Brooklyn%2C+NY&start=40,https://www.yelp.com/search?find_desc=Restaurants&find_loc=Brooklyn%2C+NY&start=40
The Little Pig,Boerum Hill,"Tapas/Small Plates, Cocktail Bars, Beer Bar",4.6,"√ Outdoor seating, × Delivery, × Takeout",,https://www.yelp.com/biz/the-little-pig-brooklyn?osq=Restaurants,https://www.yelp.com/reservations/the-little-pig-brooklyn,https://www.yelp.com/search?find_desc=Restaurants&find_loc=Brooklyn%2C+NY&start=40
The Rum Bar,Crown Heights,"Cocktail Bars, Caribbean",4.5,"√ Outdoor seating, × Delivery, √ Takeout",,https://www.yelp.com/biz/the-rum-bar-brooklyn?osq=Restaurants,https://www.yelp.com/search?find_desc=Restaurants&find_loc=Brooklyn%2C+NY&start=40,https://www.yelp.com/search?find_desc=Restaurants&find_loc=Brooklyn%2C+NY&start=40
Mao Mao,Bedford Stuyvesant,Thai,3.8,"√ Outdoor seating, √ Delivery, √ Takeout",$$,https://www.yelp.com/biz/mao-mao-brooklyn?osq=Restaurants,https://www.yelp.com/search?find_desc=Restaurants&find_loc=Brooklyn%2C+NY&start=40,https://www.yelp.com/search?find_desc=Restaurants&find_loc=Brooklyn%2C+NY&start=40
Stella’s,Park Slope,Caribbean,4.6,"× Outdoor seating, √ Delivery, √ Takeout",$$,https://www.yelp.com/biz/stellas-brooklyn-2?osq=Restaurants,https://www.yelp.com/biz/-Q6u3AkGnfxuOQl_o8prDQ?show_platform_modal=True,https://www.yelp.com/search?find_desc=Restaurants&find_loc=Brooklyn%2C+NY&start=50
BOM with the Wind,Fort Greene,"Cocktail Bars, Korean, Tapas/Small Plates",4.4,"√ Outdoor seating, √ Delivery, √ Takeout",,https://www.yelp.com/biz/bom-with-the-wind-brooklyn?osq=Restaurants,https://www.yelp.com/reservations/bom-with-the-wind-brooklyn,https://www.yelp.com/search?find_desc=Restaurants&find_loc=Brooklyn%2C+NY&start=50
Emily,Clinton Hill,American (Traditional),4.0,"√ Delivery, √ Takeout",$$,https://www.yelp.com/biz/emily-brooklyn-2?osq=Restaurants,https://www.yelp.com/search?find_desc=Restaurants&find_loc=Brooklyn%2C+NY&start=50,https://www.yelp.com/search?find_desc=Restaurants&find_loc=Brooklyn%2C+NY&start=50
Pecking House,Prospect Heights,"Chicken Shop, American (New), Taiwanese",4.0,"× Outdoor seating, √ Delivery, √ Takeout",$$,https://www.yelp.com/biz/pecking-house-brooklyn-2?osq=Restaurants,https://www.yelp.com/search?find_desc=Restaurants&find_loc=Brooklyn%2C+NY&start=50,https://www.yelp.com/search?find_desc=Restaurants&find_loc=Brooklyn%2C+NY&start=50
Father Knows Best,Bushwick,"Bars, Cafes",4.1,,$$,https://www.yelp.com/biz/father-knows-best-brooklyn?osq=Restaurants,https://www.yelp.com/search?find_desc=Restaurants&find_loc=Brooklyn%2C+NY&start=50,https://www.yelp.com/search?find_desc=Restaurants&find_loc=Brooklyn%2C+NY&start=50
Pilar Cuban Eatery,Bedford Stuyvesant,"Cuban, Coffee & Tea, Breakfast & Brunch",3.8,"√ Outdoor seating, √ Delivery, √ Takeout",$$,https://www.yelp.com/biz/pilar-cuban-eatery-brooklyn-3?osq=Restaurants,https://www.yelp.com/biz/x2WubWdziN7qqUZehdp1PA?show_platform_modal=True,https://www.yelp.com/search?find_desc=Restaurants&find_loc=Brooklyn%2C+NY&start=50
Samurai Papa BS,Bedford Stuyvesant,Ramen,4.0,"√ Outdoor seating, √ Delivery, √ Takeout",$$,https://www.yelp.com/biz/samurai-papa-bs-brooklyn?osq=Restaurants,https://www.yelp.com/search?find_desc=Restaurants&find_loc=Brooklyn%2C+NY&start=50,https://www.yelp.com/search?find_desc=Restaurants&find_loc=Brooklyn%2C+NY&start=50
Zaca Cafe,Bedford Stuyvesant,"Coffee & Tea, Breakfast & Brunch, French",4.3,"√ Outdoor seating, √ Delivery, √ Takeout",$$,https://www.yelp.com/biz/zaca-cafe-brooklyn?osq=Restaurants,https://www.yelp.com/biz/1VBeb3BF8R8cwuCYGeMrVg?show_platform_modal=True,https://www.yelp.com/search?find_desc=Restaurants&find_loc=Brooklyn%2C+NY&start=50
Roberta’s,East Williamsburg,"Pizza, Italian",4.0,"√ Outdoor seating, √ Delivery, √ Takeout",$$,https://www.yelp.com/biz/robertas-brooklyn-2?osq=Restaurants,https://www.yelp.com/biz/FhXjAc6nKLf414KxYujUHw?show_platform_modal=True,https://www.yelp.com/search?find_desc=Restaurants&find_loc=Brooklyn%2C+NY&start=50
Brooklyn Suya,Crown Heights,"African, Fast Food",4.5,"√ Delivery, √ Takeout",$$,https://www.yelp.com/biz/brooklyn-suya-brooklyn-2?osq=Restaurants,https://www.yelp.com/biz/Bo1eW6NCzOMuxIyu6CzutQ?show_platform_modal=True,https://www.yelp.com/search?find_desc=Restaurants&find_loc=Brooklyn%2C+NY&start=50
Ursula,Bedford Stuyvesant,"New Mexican Cuisine, Cafes, Bakeries",4.2,"√ Outdoor seating, √ Delivery, √ Takeout",$$,https://www.yelp.com/biz/ursula-brooklyn?osq=Restaurants,https://www.yelp.com/search?find_desc=Restaurants&find_loc=Brooklyn%2C+NY&start=60,https://www.yelp.com/search?find_desc=Restaurants&find_loc=Brooklyn%2C+NY&start=60
Maya Fusion Cafe,Bushwick,Mexican,4.3,"√ Outdoor seating, √ Delivery, √ Takeout",,https://www.yelp.com/biz/maya-fusion-cafe-brooklyn-2?osq=Restaurants,https://www.yelp.com/biz/p6_79Vx3zVkbU4KFzTebiA?show_platform_modal=True,https://www.yelp.com/search?find_desc=Restaurants&find_loc=Brooklyn%2C+NY&start=60
Sista’s Place,Bedford Stuyvesant,"Jazz & Blues, Restaurants",4.4,√ Outdoor seating,$$,https://www.yelp.com/biz/sistas-place-brooklyn?osq=Restaurants,https://www.yelp.com/search?find_desc=Restaurants&find_loc=Brooklyn%2C+NY&start=60,https://www.yelp.com/search?find_desc=Restaurants&find_loc=Brooklyn%2C+NY&start=60
Barchaa Peruvian Fusion Cuisine,Bushwick,"Peruvian, Spanish, Dominican",3.9,"√ Outdoor seating, √ Delivery, √ Takeout",$$,https://www.yelp.com/biz/barchaa-peruvian-fusion-cuisine-brooklyn?osq=Restaurants,https://www.yelp.com/biz/vPPJxadFYQRn3u8URnyiBg?show_platform_modal=True,https://www.yelp.com/search?find_desc=Restaurants&find_loc=Brooklyn%2C+NY&start=60
Nana Ramen,Bedford Stuyvesant,"Ramen, Noodles, Soup",4.1,"√ Outdoor seating, √ Takeout",$$,https://www.yelp.com/biz/nana-ramen-brooklyn?osq=Restaurants,https://www.yelp.com/search?find_desc=Restaurants&find_loc=Brooklyn%2C+NY&start=60,https://www.yelp.com/search?find_desc=Restaurants&find_loc=Brooklyn%2C+NY&start=60
Baron’s,Bedford Stuyvesant,"American (New), Bars, Seafood",4.2,"√ Outdoor seating, √ Delivery, √ Takeout",$$,https://www.yelp.com/biz/barons-brooklyn?osq=Restaurants,https://www.yelp.com/reservations/barons-brooklyn,https://www.yelp.com/search?find_desc=Restaurants&find_loc=Brooklyn%2C+NY&start=60
Win Son,East Williamsburg,"Taiwanese, American (New)",4.2,"√ Outdoor seating, √ Delivery, √ Takeout",$$,https://www.yelp.com/biz/win-son-brooklyn-4?osq=Restaurants,https://www.yelp.com/search?find_desc=Restaurants&find_loc=Brooklyn%2C+NY&start=60,https://www.yelp.com/search?find_desc=Restaurants&find_loc=Brooklyn%2C+NY&start=60
Tiger Box,,Korean,4.3,"√ Delivery, √ Takeout",$,https://www.yelp.com/biz/tiger-box-brooklyn?osq=Restaurants,https://www.yelp.com/biz/FAALx4s7PBtCZWKFqRNPNQ?show_platform_modal=True,https://www.yelp.com/search?find_desc=Restaurants&find_loc=Brooklyn%2C+NY&start=60
Sunday in Brooklyn,Williamsburg - South Side,"American (New), Breakfast & Brunch, Cocktail Bars",4.0,"√ Outdoor seating, √ Delivery, √ Takeout",$$,https://www.yelp.com/biz/sunday-in-brooklyn-brooklyn-7?osq=Restaurants,https://www.yelp.com/biz/9AXTJkwXdWaJaQkCjpj6mA?show_platform_modal=True,https://www.yelp.com/search?find_desc=Restaurants&find_loc=Brooklyn%2C+NY&start=60
Eastern Parkway BBQ Man,Crown Heights,"Barbeque, Street Vendors",4.8,,,https://www.yelp.com/biz/eastern-parkway-bbq-man-brooklyn?osq=Restaurants,https://www.yelp.com/search?find_desc=Restaurants&find_loc=Brooklyn%2C+NY&start=60,https://www.yelp.com/search?find_desc=Restaurants&find_loc=Brooklyn%2C+NY&start=60
Tiger Box,,Korean,4.3,"√ Delivery, √ Takeout",$,https://www.yelp.com/biz/tiger-box-brooklyn?osq=Restaurants,https://www.yelp.com/biz/FAALx4s7PBtCZWKFqRNPNQ?show_platform_modal=True,https://www.yelp.com/search?find_desc=Restaurants&find_loc=Brooklyn%2C+NY&start=70
Soco,Clinton Hill,"Cajun/Creole, Barbeque, Soul Food",3.8,"√ Delivery, √ Takeout",$$,https://www.yelp.com/biz/soco-brooklyn?osq=Restaurants,https://www.yelp.com/biz/oOsJn3leUnWDfErRWMf81g?show_platform_modal=True,https://www.yelp.com/search?find_desc=Restaurants&find_loc=Brooklyn%2C+NY&start=70
Sunday in Brooklyn,Williamsburg - South Side,"American (New), Breakfast & Brunch, Cocktail Bars",4.0,"√ Outdoor seating, √ Delivery, √ Takeout",$$,https://www.yelp.com/biz/sunday-in-brooklyn-brooklyn-7?osq=Restaurants,https://www.yelp.com/biz/9AXTJkwXdWaJaQkCjpj6mA?show_platform_modal=True,https://www.yelp.com/search?find_desc=Restaurants&find_loc=Brooklyn%2C+NY&start=70
Eastern Parkway BBQ Man,Crown Heights,"Barbeque, Street Vendors",4.8,,,https://www.yelp.com/biz/eastern-parkway-bbq-man-brooklyn?osq=Restaurants,https://www.yelp.com/search?find_desc=Restaurants&find_loc=Brooklyn%2C+NY&start=70,https://www.yelp.com/search?find_desc=Restaurants&find_loc=Brooklyn%2C+NY&start=70
Oxalis,Prospect Heights,"French, American (New)",4.6,"√ Outdoor seating, × Delivery, × Takeout",$$$$,https://www.yelp.com/biz/oxalis-brooklyn?osq=Restaurants,https://www.yelp.com/search?find_desc=Restaurants&find_loc=Brooklyn%2C+NY&start=70,https://www.yelp.com/search?find_desc=Restaurants&find_loc=Brooklyn%2C+NY&start=70
Doublé,Bushwick,"Cocktail Bars, Comfort Food",4.8,"√ Outdoor seating, √ Delivery, √ Takeout",,https://www.yelp.com/biz/doubl%C3%A9-brooklyn?osq=Restaurants,https://www.yelp.com/biz/7T8oBR192Mc18bC2gFKWFA?show_platform_modal=True,https://www.yelp.com/search?find_desc=Restaurants&find_loc=Brooklyn%2C+NY&start=70
Sunrises/Sunsets,Bushwick,"Wine Bars, Cafes, Cocktail Bars",3.8,"√ Outdoor seating, √ Delivery",$$,https://www.yelp.com/biz/sunrises-sunsets-bushwick-4?osq=Restaurants,https://www.yelp.com/search?find_desc=Restaurants&find_loc=Brooklyn%2C+NY&start=70,https://www.yelp.com/search?find_desc=Restaurants&find_loc=Brooklyn%2C+NY&start=70
Yia Yia’s Taverna,East Williamsburg,Greek,4.7,"√ Outdoor seating, √ Delivery, √ Takeout",,https://www.yelp.com/biz/yia-yias-taverna-brooklyn-4?osq=Restaurants,https://www.yelp.com/biz/Vw8NSOu7aS8de1vVhFpemQ?show_platform_modal=True,https://www.yelp.com/search?find_desc=Restaurants&find_loc=Brooklyn%2C+NY&start=70
DunHuang Miss Noodles,Clinton Hill,"Chinese, Noodles, Asian Fusion",4.2,"× Outdoor seating, √ Delivery, √ Takeout",,https://www.yelp.com/biz/dunhuang-miss-noodles-brooklyn?osq=Restaurants,https://www.yelp.com/search?find_desc=Restaurants&find_loc=Brooklyn%2C+NY&start=70,https://www.yelp.com/search?find_desc=Restaurants&find_loc=Brooklyn%2C+NY&start=70
Grandchamps Kitchen & Market,Bedford Stuyvesant,"Haitian, Sandwiches, Desserts",4.1,"√ Outdoor seating, √ Delivery, √ Takeout",$$,https://www.yelp.com/biz/grandchamps-kitchen-and-market-brooklyn?osq=Restaurants,https://www.yelp.com/biz/-ic13XJ9ekpEfshQFPKL4A?show_platform_modal=True,https://www.yelp.com/search?find_desc=Restaurants&find_loc=Brooklyn%2C+NY&start=70
Peaches Prime,Fort Greene,"Southern, American (New), Seafood",4.4,,,https://www.yelp.com/biz/peaches-prime-brooklyn?osq=Restaurants,https://www.yelp.com/search?find_desc=Restaurants&find_loc=Brooklyn%2C+NY&start=80,https://www.yelp.com/search?find_desc=Restaurants&find_loc=Brooklyn%2C+NY&start=80
Little Egg,Prospect Heights,Breakfast & Brunch,4.9,,,https://www.yelp.com/biz/little-egg-brooklyn?osq=Restaurants,https://www.yelp.com/search?find_desc=Restaurants&find_loc=Brooklyn%2C+NY&start=80,https://www.yelp.com/search?find_desc=Restaurants&find_loc=Brooklyn%2C+NY&start=80
The Grotto,Bedford Stuyvesant,"Caribbean, Burgers, Chicken Wings",3.7,"√ Outdoor seating, √ Delivery, √ Takeout",,https://www.yelp.com/biz/the-grotto-brooklyn?osq=Restaurants,https://www.yelp.com/biz/OefJvbJxLW1ZTr-8HUZdyQ?show_platform_modal=True,https://www.yelp.com/search?find_desc=Restaurants&find_loc=Brooklyn%2C+NY&start=80
Cafe Rue Dix,Crown Heights,"French, Cocktail Bars, Senegalese",4.0,"√ Outdoor seating, √ Delivery, √ Takeout",$$,https://www.yelp.com/biz/cafe-rue-dix-brooklyn?osq=Restaurants,https://www.yelp.com/biz/_sipbeIM-EtR4cIzleEUhg?show_platform_modal=True,https://www.yelp.com/search?find_desc=Restaurants&find_loc=Brooklyn%2C+NY&start=80
Pasta Louise Cafe,Park Slope,"Italian, Pasta Shops, Sandwiches",4.4,"√ Outdoor seating, √ Delivery, √ Takeout",$$,https://www.yelp.com/biz/pasta-louise-cafe-brooklyn?osq=Restaurants,https://www.yelp.com/search?find_desc=Restaurants&find_loc=Brooklyn%2C+NY&start=80,https://www.yelp.com/search?find_desc=Restaurants&find_loc=Brooklyn%2C+NY&start=80
Ammazzacaffè,East Williamsburg,"Cocktail Bars, Italian, Wine Bars",4.3,"√ Outdoor seating, √ Delivery, √ Takeout",$$,https://www.yelp.com/biz/ammazzacaff%C3%A8-brooklyn?osq=Restaurants,https://www.yelp.com/biz/eMSTTuOUlKEnSOr8lPp3Xg?show_platform_modal=True,https://www.yelp.com/search?find_desc=Restaurants&find_loc=Brooklyn%2C+NY&start=80
Nura,Greenpoint,American (New),4.4,"× Outdoor seating, × Delivery, × Takeout",,https://www.yelp.com/biz/nura-brooklyn-2?osq=Restaurants,https://www.yelp.com/search?find_desc=Restaurants&find_loc=Brooklyn%2C+NY&start=80,https://www.yelp.com/search?find_desc=Restaurants&find_loc=Brooklyn%2C+NY&start=80
Lucky’s Cocktail Lounge,Bedford Stuyvesant,"Cocktail Bars, Tapas Bars",4.4,"√ Outdoor seating, × Delivery, √ Takeout",$$,https://www.yelp.com/biz/lucky-s-cocktail-lounge-brooklyn-2?osq=Restaurants,https://www.yelp.com/search?find_desc=Restaurants&find_loc=Brooklyn%2C+NY&start=80,https://www.yelp.com/search?find_desc=Restaurants&find_loc=Brooklyn%2C+NY&start=80
Noodle Lane and Dumplings,Park Slope,"Noodles, Chinese",4.7,"× Outdoor seating, √ Delivery, √ Takeout",,https://www.yelp.com/biz/noodle-lane-and-dumplings-brooklyn?osq=Restaurants,https://www.yelp.com/biz/d_wGowk0nrjkRkp6gDaICg?show_platform_modal=True,https://www.yelp.com/search?find_desc=Restaurants&find_loc=Brooklyn%2C+NY&start=80
KPOT Korean BBQ & Hot Pot,Downtown Brooklyn,"Hot Pot, Barbeque, Korean",4.1,× Outdoor seating,$$,https://www.yelp.com/biz/kpot-korean-bbq-and-hot-pot-brooklyn?osq=Restaurants,https://www.yelp.com/search?find_desc=Restaurants&find_loc=Brooklyn%2C+NY&start=80,https://www.yelp.com/search?find_desc=Restaurants&find_loc=Brooklyn%2C+NY&start=80
Ammazzacaffè,East Williamsburg,"Cocktail Bars, Italian, Wine Bars",4.3,"√ Outdoor seating, √ Delivery, √ Takeout",$$,https://www.yelp.com/biz/ammazzacaff%C3%A8-brooklyn?osq=Restaurants,https://www.yelp.com/biz/eMSTTuOUlKEnSOr8lPp3Xg?show_platform_modal=True,https://www.yelp.com/search?find_desc=Restaurants&find_loc=Brooklyn%2C+NY&start=90
Nura,Greenpoint,American (New),4.4,"× Outdoor seating, × Delivery, × Takeout",,https://www.yelp.com/biz/nura-brooklyn-2?osq=Restaurants,https://www.yelp.com/search?find_desc=Restaurants&find_loc=Brooklyn%2C+NY&start=90,https://www.yelp.com/search?find_desc=Restaurants&find_loc=Brooklyn%2C+NY&start=90
Ital Kitchen,Crown Heights,"Vegetarian, Vegan",4.5,"√ Outdoor seating, √ Delivery, √ Takeout",$$,https://www.yelp.com/biz/ital-kitchen-brooklyn-2?osq=Restaurants,https://www.yelp.com/search?find_desc=Restaurants&find_loc=Brooklyn%2C+NY&start=90,https://www.yelp.com/search?find_desc=Restaurants&find_loc=Brooklyn%2C+NY&start=90
Lucky’s Cocktail Lounge,Bedford Stuyvesant,"Cocktail Bars, Tapas Bars",4.4,"√ Outdoor seating, × Delivery, √ Takeout",$$,https://www.yelp.com/biz/lucky-s-cocktail-lounge-brooklyn-2?osq=Restaurants,https://www.yelp.com/search?find_desc=Restaurants&find_loc=Brooklyn%2C+NY&start=90,https://www.yelp.com/search?find_desc=Restaurants&find_loc=Brooklyn%2C+NY&start=90
Noodle Lane and Dumplings,Park Slope,"Noodles, Chinese",4.7,"× Outdoor seating, √ Delivery, √ Takeout",,https://www.yelp.com/biz/noodle-lane-and-dumplings-brooklyn?osq=Restaurants,https://www.yelp.com/biz/d_wGowk0nrjkRkp6gDaICg?show_platform_modal=True,https://www.yelp.com/search?find_desc=Restaurants&find_loc=Brooklyn%2C+NY&start=90
Kingfisher,Prospect Lefferts Gardens,Seafood,4.7,,,https://www.yelp.com/biz/kingfisher-brooklyn?osq=Restaurants,https://www.yelp.com/search?find_desc=Restaurants&find_loc=Brooklyn%2C+NY&start=90,https://www.yelp.com/search?find_desc=Restaurants&find_loc=Brooklyn%2C+NY&start=90
750 Myrtle Diner,Bedford Stuyvesant,"Tapas Bars, Izakaya",4.2,"√ Delivery, √ Takeout",$$,https://www.yelp.com/biz/750-myrtle-diner-brooklyn?osq=Restaurants,https://www.yelp.com/biz/1m1iOc8EplJ4tiCez7hf2Q?show_platform_modal=True,https://www.yelp.com/search?find_desc=Restaurants&find_loc=Brooklyn%2C+NY&start=90
Mitica,Greenpoint,Mexican,4.9,√ Outdoor seating,,https://www.yelp.com/biz/mitica-brooklyn?osq=Restaurants,https://www.yelp.com/search?find_desc=Restaurants&find_loc=Brooklyn%2C+NY&start=90,https://www.yelp.com/search?find_desc=Restaurants&find_loc=Brooklyn%2C+NY&start=90
Mabu Hong Kong Cafe,Chinatown,Chinese,3.5,,,https://www.yelp.com/biz/mabu-hong-kong-cafe-new-york?osq=Restaurants,https://www.yelp.com/search?find_desc=Restaurants&find_loc=Brooklyn%2C+NY&start=90,https://www.yelp.com/search?find_desc=Restaurants&find_loc=Brooklyn%2C+NY&start=90
Silver Rice,Crown Heights,"Japanese, Sushi Bars, Soup",4.3,"√ Outdoor seating, √ Delivery, √ Takeout",$$,https://www.yelp.com/biz/silver-rice-brooklyn?osq=Restaurants,https://www.yelp.com/biz/LTfR_0NiS7OIRCfkaAJg9w?show_platform_modal=True,https://www.yelp.com/search?find_desc=Restaurants&find_loc=Brooklyn%2C+NY&start=90
750 Myrtle Diner,Bedford Stuyvesant,"Tapas Bars, Izakaya",4.2,"√ Delivery, √ Takeout",$$,https://www.yelp.com/biz/750-myrtle-diner-brooklyn?osq=Restaurants,https://www.yelp.com/biz/1m1iOc8EplJ4tiCez7hf2Q?show_platform_modal=True,https://www.yelp.com/search?find_desc=Restaurants&find_loc=Brooklyn%2C+NY&start=100
Mitica,Greenpoint,Mexican,4.9,√ Outdoor seating,,https://www.yelp.com/biz/mitica-brooklyn?osq=Restaurants,https://www.yelp.com/search?find_desc=Restaurants&find_loc=Brooklyn%2C+NY&start=100,https://www.yelp.com/search?find_desc=Restaurants&find_loc=Brooklyn%2C+NY&start=100
Mabu Hong Kong Cafe,Chinatown,Chinese,3.5,,,https://www.yelp.com/biz/mabu-hong-kong-cafe-new-york?osq=Restaurants,https://www.yelp.com/search?find_desc=Restaurants&find_loc=Brooklyn%2C+NY&start=100,https://www.yelp.com/search?find_desc=Restaurants&find_loc=Brooklyn%2C+NY&start=100
Silver Rice,Crown Heights,"Japanese, Sushi Bars, Soup",4.3,"√ Outdoor seating, √ Delivery, √ Takeout",$$,https://www.yelp.com/biz/silver-rice-brooklyn?osq=Restaurants,https://www.yelp.com/biz/LTfR_0NiS7OIRCfkaAJg9w?show_platform_modal=True,https://www.yelp.com/search?find_desc=Restaurants&find_loc=Brooklyn%2C+NY&start=100
Maite,Bushwick,"Mediterranean, Wine Bars, Empanadas",4.1,"√ Outdoor seating, × Delivery, √ Takeout",$$,https://www.yelp.com/biz/maite-brooklyn?osq=Restaurants,https://www.yelp.com/search?find_desc=Restaurants&find_loc=Brooklyn%2C+NY&start=100,https://www.yelp.com/search?find_desc=Restaurants&find_loc=Brooklyn%2C+NY&start=100
Haenyeo,Park Slope,"Korean, Cocktail Bars",4.1,"√ Outdoor seating, √ Delivery, √ Takeout",$$$,https://www.yelp.com/biz/haenyeo-brooklyn?osq=Restaurants,https://www.yelp.com/search?find_desc=Restaurants&find_loc=Brooklyn%2C+NY&start=100,https://www.yelp.com/search?find_desc=Restaurants&find_loc=Brooklyn%2C+NY&start=100
Mikhuy,South Slope,Peruvian,4.3,"√ Outdoor seating, √ Delivery, √ Takeout",,https://www.yelp.com/biz/mikhuy-brooklyn?osq=Restaurants,https://www.yelp.com/search?find_desc=Restaurants&find_loc=Brooklyn%2C+NY&start=100,https://www.yelp.com/search?find_desc=Restaurants&find_loc=Brooklyn%2C+NY&start=100
El Mate,Carroll Gardens,Argentine,4.6,"√ Outdoor seating, √ Delivery, √ Takeout",$$,https://www.yelp.com/biz/el-mate-brooklyn?osq=Restaurants,https://www.yelp.com/biz/L0XYugkXpuACPMQ451MB8g?show_platform_modal=True,https://www.yelp.com/search?find_desc=Restaurants&find_loc=Brooklyn%2C+NY&start=100
Corto,Bedford Stuyvesant,"Coffee & Tea, Sandwiches, Italian",4.4,"√ Outdoor seating, √ Delivery, √ Takeout",$$,https://www.yelp.com/biz/corto-brooklyn?osq=Restaurants,https://www.yelp.com/biz/wOCQQok2JMJQu9ngr0nbrQ?show_platform_modal=True,https://www.yelp.com/search?find_desc=Restaurants&find_loc=Brooklyn%2C+NY&start=100
Silver Factory,Williamsburg - South Side,"Korean, Bars",4.5,"√ Outdoor seating, √ Delivery, √ Takeout",$$,https://www.yelp.com/biz/silver-factory-brooklyn?osq=Restaurants,https://www.yelp.com/reservations/silver-factory-brooklyn,https://www.yelp.com/search?find_desc=Restaurants&find_loc=Brooklyn%2C+NY&start=100
El Mate,Carroll Gardens,Argentine,4.6,"√ Outdoor seating, √ Delivery, √ Takeout",$$,https://www.yelp.com/biz/el-mate-brooklyn?osq=Restaurants,https://www.yelp.com/biz/L0XYugkXpuACPMQ451MB8g?show_platform_modal=True,https://www.yelp.com/search?find_desc=Restaurants&find_loc=Brooklyn%2C+NY&start=110
Corto,Bedford Stuyvesant,"Coffee & Tea, Sandwiches, Italian",4.4,"√ Outdoor seating, √ Delivery, √ Takeout",$$,https://www.yelp.com/biz/corto-brooklyn?osq=Restaurants,https://www.yelp.com/biz/wOCQQok2JMJQu9ngr0nbrQ?show_platform_modal=True,https://www.yelp.com/search?find_desc=Restaurants&find_loc=Brooklyn%2C+NY&start=110
Silver Factory,Williamsburg - South Side,"Korean, Bars",4.5,"√ Outdoor seating, √ Delivery, √ Takeout",$$,https://www.yelp.com/biz/silver-factory-brooklyn?osq=Restaurants,https://www.yelp.com/reservations/silver-factory-brooklyn,https://www.yelp.com/search?find_desc=Restaurants&find_loc=Brooklyn%2C+NY&start=110
Petite Patate,Prospect Heights,French,4.1,"√ Delivery, √ Takeout",,https://www.yelp.com/biz/petite-patate-brooklyn?osq=Restaurants,https://www.yelp.com/search?find_desc=Restaurants&find_loc=Brooklyn%2C+NY&start=110,https://www.yelp.com/search?find_desc=Restaurants&find_loc=Brooklyn%2C+NY&start=110
Lakou Cafe,Crown Heights,"Vegan, Haitian",4.4,"√ Outdoor seating, √ Delivery, √ Takeout",$$,https://www.yelp.com/biz/lakou-cafe-brooklyn?osq=Restaurants,https://www.yelp.com/biz/-jlqWTfGwSF6O-9th_3kBw?show_platform_modal=True,https://www.yelp.com/search?find_desc=Restaurants&find_loc=Brooklyn%2C+NY&start=110
Puerto Viejo,Crown Heights,Dominican,4.2,"√ Outdoor seating, √ Delivery, √ Takeout",$$,https://www.yelp.com/biz/puerto-viejo-brooklyn?osq=Restaurants,https://www.yelp.com/biz/kXnwXZ5KOQmprxNrmXYuxg?show_platform_modal=True,https://www.yelp.com/search?find_desc=Restaurants&find_loc=Brooklyn%2C+NY&start=110
Masalawala & Sons,Park Slope,Indian,3.9,√ Outdoor seating,,https://www.yelp.com/biz/masalawala-and-sons-brooklyn?osq=Restaurants,https://www.yelp.com/search?find_desc=Restaurants&find_loc=Brooklyn%2C+NY&start=110,https://www.yelp.com/search?find_desc=Restaurants&find_loc=Brooklyn%2C+NY&start=110
Savannah Spiced,Crown Heights,"Caribbean, Bars",4.1,"√ Outdoor seating, × Delivery, √ Takeout",,https://www.yelp.com/biz/savannah-spiced-brooklyn?osq=Restaurants,https://www.yelp.com/reservations/savannah-spiced-brooklyn,https://www.yelp.com/search?find_desc=Restaurants&find_loc=Brooklyn%2C+NY&start=110
The Ariapita,Flatbush,"Trinidadian, Distilleries",4.4,√ Takeout,,https://www.yelp.com/biz/the-ariapita-brooklyn?osq=Restaurants,https://www.yelp.com/search?find_desc=Restaurants&find_loc=Brooklyn%2C+NY&start=110,https://www.yelp.com/search?find_desc=Restaurants&find_loc=Brooklyn%2C+NY&start=110
Franklin820,Crown Heights,"Bars, American (Traditional)",4.1,"√ Outdoor seating, × Delivery, √ Takeout",$$,https://www.yelp.com/biz/franklin820-brooklyn?osq=Restaurants,https://www.yelp.com/search?find_desc=Restaurants&find_loc=Brooklyn%2C+NY&start=110,https://www.yelp.com/search?find_desc=Restaurants&find_loc=Brooklyn%2C+NY&start=110
Franklin820,Crown Heights,"Bars, American (Traditional)",4.1,"√ Outdoor seating, × Delivery, √ Takeout",$$,https://www.yelp.com/biz/franklin820-brooklyn?osq=Restaurants,https://www.yelp.com/search?find_desc=Restaurants&find_loc=Brooklyn%2C+NY&start=120,https://www.yelp.com/search?find_desc=Restaurants&find_loc=Brooklyn%2C+NY&start=120
Rodo Foods,Bedford Stuyvesant,African,4.7,,,https://www.yelp.com/biz/rodo-foods-brooklyn?osq=Restaurants,https://www.yelp.com/search?find_desc=Restaurants&find_loc=Brooklyn%2C+NY&start=120,https://www.yelp.com/search?find_desc=Restaurants&find_loc=Brooklyn%2C+NY&start=120
Buttermilk Channel,Carroll Gardens,"American (New), Breakfast & Brunch",4.0,"√ Outdoor seating, √ Delivery, √ Takeout",$$,https://www.yelp.com/biz/buttermilk-channel-brooklyn?osq=Restaurants,https://www.yelp.com/biz/rU9cKxAVU4Gd_JhAqp_bTA?show_platform_modal=True,https://www.yelp.com/search?find_desc=Restaurants&find_loc=Brooklyn%2C+NY&start=120
Fat Rabbit,Fort Greene,American (New),4.5,,,https://www.yelp.com/biz/fat-rabbit-brooklyn?osq=Restaurants,https://www.yelp.com/search?find_desc=Restaurants&find_loc=Brooklyn%2C+NY&start=120,https://www.yelp.com/search?find_desc=Restaurants&find_loc=Brooklyn%2C+NY&start=120
Manchego,Flatbush,"Spanish, Tapas/Small Plates, Wine Bars",3.8,√ Outdoor seating,$$,https://www.yelp.com/biz/manchego-brooklyn-5?osq=Restaurants,https://www.yelp.com/search?find_desc=Restaurants&find_loc=Brooklyn%2C+NY&start=120,https://www.yelp.com/search?find_desc=Restaurants&find_loc=Brooklyn%2C+NY&start=120
Babe & Al,Prospect Lefferts Gardens,Cafes,4.9,"× Outdoor seating, × Delivery, √ Takeout",,https://www.yelp.com/biz/babe-and-al-brooklyn-2?osq=Restaurants,https://www.yelp.com/search?find_desc=Restaurants&find_loc=Brooklyn%2C+NY&start=120,https://www.yelp.com/search?find_desc=Restaurants&find_loc=Brooklyn%2C+NY&start=120
IHOP,Sheepshead Bay,"Breakfast & Brunch, Burgers, American (Traditional)",3.6,,,https://www.yelp.com/biz/ihop-brooklyn-15?osq=Restaurants,https://www.yelp.com/search?find_desc=Restaurants&find_loc=Brooklyn%2C+NY&start=120,https://www.yelp.com/search?find_desc=Restaurants&find_loc=Brooklyn%2C+NY&start=120
Shan,Cobble Hill,"Cocktail Bars, Szechuan, Noodles",4.3,"√ Outdoor seating, √ Delivery, √ Takeout",,https://www.yelp.com/biz/shan-brooklyn-5?osq=Restaurants,https://www.yelp.com/biz/gDCK63W5_8-tdCCWr92rbw?show_platform_modal=True,https://www.yelp.com/search?find_desc=Restaurants&find_loc=Brooklyn%2C+NY&start=120
Eyval,East Williamsburg,"Persian/Iranian, Tapas/Small Plates, Cocktail Bars",4.3,,$$$,https://www.yelp.com/biz/eyval-brooklyn?osq=Restaurants,https://www.yelp.com/search?find_desc=Restaurants&find_loc=Brooklyn%2C+NY&start=120,https://www.yelp.com/search?find_desc=Restaurants&find_loc=Brooklyn%2C+NY&start=120
Casa Nono,Clinton Hill,Mexican,4.6,"√ Delivery, √ Takeout",,https://www.yelp.com/biz/casa-nono-brooklyn?osq=Restaurants,https://www.yelp.com/biz/xYvtCHVdzTpgpZjrZaCmCQ?show_platform_modal=True,https://www.yelp.com/search?find_desc=Restaurants&find_loc=Brooklyn%2C+NY&start=120
Ugly Baby,Carroll Gardens,"Thai, Bars",4.2,"√ Outdoor seating, √ Delivery, √ Takeout",$$$,https://www.yelp.com/biz/ugly-baby-brooklyn-3?osq=Restaurants,https://www.yelp.com/search?find_desc=Restaurants&find_loc=Brooklyn%2C+NY&start=130,https://www.yelp.com/search?find_desc=Restaurants&find_loc=Brooklyn%2C+NY&start=130
Forma Pasta Factory,Greenpoint,"Pasta Shops, Italian, Salad",4.7,"√ Outdoor seating, √ Delivery, √ Takeout",$$,https://www.yelp.com/biz/forma-pasta-factory-brooklyn?osq=Restaurants,https://www.yelp.com/biz/HodL0fXoF08C3Ir-kLeTtw?show_platform_modal=True,https://www.yelp.com/search?find_desc=Restaurants&find_loc=Brooklyn%2C+NY&start=130
Roscioli,South Village,Italian,4.8,,,https://www.yelp.com/biz/roscioli-new-york-2?osq=Restaurants,https://www.yelp.com/search?find_desc=Restaurants&find_loc=Brooklyn%2C+NY&start=130,https://www.yelp.com/search?find_desc=Restaurants&find_loc=Brooklyn%2C+NY&start=130
Alligator Pear,Chelsea,"Cajun/Creole, Cocktail Bars, American (New)",4.6,"× Outdoor seating, × Delivery, √ Takeout",,https://www.yelp.com/biz/alligator-pear-new-york?osq=Restaurants,https://www.yelp.com/search?find_desc=Restaurants&find_loc=Brooklyn%2C+NY&start=130,https://www.yelp.com/search?find_desc=Restaurants&find_loc=Brooklyn%2C+NY&start=130
While In Kathmandu,Ridgewood,"Cafes, Bars, Himalayan/Nepalese",4.5,"√ Outdoor seating, √ Delivery, √ Takeout",$$,https://www.yelp.com/biz/while-in-kathmandu-ridgewood?osq=Restaurants,https://www.yelp.com/biz/Scs2L-4imyt_lorJ6biFKA?show_platform_modal=True,https://www.yelp.com/search?find_desc=Restaurants&find_loc=Brooklyn%2C+NY&start=130
The Four Horsemen,Williamsburg - South Side,"Wine Bars, American (New)",4.4,"√ Outdoor seating, √ Delivery, √ Takeout",$$,https://www.yelp.com/biz/the-four-horsemen-brooklyn?osq=Restaurants,https://www.yelp.com/search?find_desc=Restaurants&find_loc=Brooklyn%2C+NY&start=130,https://www.yelp.com/search?find_desc=Restaurants&find_loc=Brooklyn%2C+NY&start=130
Mama Lee - Williamsburg,Williamsburg - South Side,"Taiwanese, Chinese",4.4,"× Outdoor seating, √ Delivery, √ Takeout",,https://www.yelp.com/biz/mama-lee-williamsburg-brooklyn?osq=Restaurants,https://www.yelp.com/search?find_desc=Restaurants&find_loc=Brooklyn%2C+NY&start=130,https://www.yelp.com/search?find_desc=Restaurants&find_loc=Brooklyn%2C+NY&start=130
Jiku Wicked Wings & Korean Grub,Flatbush,"Korean, Chicken Wings, Gastropubs",4.1,"√ Outdoor seating, √ Delivery, √ Takeout",$$,https://www.yelp.com/biz/jiku-wicked-wings-and-korean-grub-brooklyn-2?osq=Restaurants,https://www.yelp.com/biz/GdjbCv2nD_V_MCjk0HAgnw?show_platform_modal=True,https://www.yelp.com/search?find_desc=Restaurants&find_loc=Brooklyn%2C+NY&start=130
K’Far,Williamsburg - North Side,"Breakfast & Brunch, Bagels, Middle Eastern",4.5,"√ Outdoor seating, √ Takeout",,https://www.yelp.com/biz/kfar-brooklyn?osq=Restaurants,https://www.yelp.com/search?find_desc=Restaurants&find_loc=Brooklyn%2C+NY&start=130,https://www.yelp.com/search?find_desc=Restaurants&find_loc=Brooklyn%2C+NY&start=130
Lulu & Po,Clinton Hill,"American (New), Wine Bars, Tapas/Small Plates",4.0,"× Outdoor seating, × Delivery, √ Takeout",,https://www.yelp.com/biz/lulu-and-po-brooklyn-6?osq=Restaurants,https://www.yelp.com/search?find_desc=Restaurants&find_loc=Brooklyn%2C+NY&start=130,https://www.yelp.com/search?find_desc=Restaurants&find_loc=Brooklyn%2C+NY&start=130
Winfield’s Cafe,Bedford Stuyvesant,"Breakfast & Brunch, Burgers, Sandwiches",4.2,,,https://www.yelp.com/biz/winfield-s-cafe-new-york?osq=Restaurants,https://www.yelp.com/search?find_desc=Restaurants&find_loc=Brooklyn%2C+NY&start=140,https://www.yelp.com/search?find_desc=Restaurants&find_loc=Brooklyn%2C+NY&start=140
Terre,Park Slope,"Italian, Wine Bars, Breakfast & Brunch",4.3,"√ Outdoor seating, √ Delivery, √ Takeout",$$$,https://www.yelp.com/biz/terre-brooklyn?osq=Restaurants,https://www.yelp.com/search?find_desc=Restaurants&find_loc=Brooklyn%2C+NY&start=140,https://www.yelp.com/search?find_desc=Restaurants&find_loc=Brooklyn%2C+NY&start=140
Kulushkat,Prospect Lefferts Gardens,"Middle Eastern, Breakfast & Brunch",3.8,"√ Outdoor seating, √ Delivery, √ Takeout",$$,https://www.yelp.com/biz/kulushkat-brooklyn?osq=Restaurants,https://www.yelp.com/biz/l74csFd6zx4vj5lneHJSSQ?show_platform_modal=True,https://www.yelp.com/search?find_desc=Restaurants&find_loc=Brooklyn%2C+NY&start=140
The Wheelhouse,Bushwick,"American (New), Sandwiches, Bars",3.9,"√ Delivery, √ Takeout",$$,https://www.yelp.com/biz/the-wheelhouse-brooklyn-2?osq=Restaurants,https://www.yelp.com/biz/oXnJEg_AScyrR1lO4dnAfw?show_platform_modal=True,https://www.yelp.com/search?find_desc=Restaurants&find_loc=Brooklyn%2C+NY&start=140
Garnacha Bite,Bedford Stuyvesant,"Mexican, Tex-Mex",4.5,,,https://www.yelp.com/biz/garnacha-bite-brooklyn?osq=Restaurants,https://www.yelp.com/search?find_desc=Restaurants&find_loc=Brooklyn%2C+NY&start=140,https://www.yelp.com/search?find_desc=Restaurants&find_loc=Brooklyn%2C+NY&start=140
The Garden At Ditmas,Flatbush,Ramen,4.5,"√ Outdoor seating, √ Delivery, √ Takeout",,https://www.yelp.com/biz/the-garden-at-ditmas-brooklyn?osq=Restaurants,https://www.yelp.com/biz/T20X-Top4IK_Qx-47JQa9w?show_platform_modal=True,https://www.yelp.com/search?find_desc=Restaurants&find_loc=Brooklyn%2C+NY&start=140
no. 7,Prospect Heights,American (New),4.1,,,https://www.yelp.com/biz/no-7-brooklyn-3?osq=Restaurants,https://www.yelp.com/search?find_desc=Restaurants&find_loc=Brooklyn%2C+NY&start=140,https://www.yelp.com/search?find_desc=Restaurants&find_loc=Brooklyn%2C+NY&start=140
Ugly Baby,Carroll Gardens,"Thai, Bars",4.2,"√ Outdoor seating, √ Delivery, √ Takeout",$$$,https://www.yelp.com/biz/ugly-baby-brooklyn-3?osq=Restaurants,https://www.yelp.com/search?find_desc=Restaurants&find_loc=Brooklyn%2C+NY&start=140,https://www.yelp.com/search?find_desc=Restaurants&find_loc=Brooklyn%2C+NY&start=140
Forma Pasta Factory,Greenpoint,"Pasta Shops, Italian, Salad",4.7,"√ Outdoor seating, √ Delivery, √ Takeout",$$,https://www.yelp.com/biz/forma-pasta-factory-brooklyn?osq=Restaurants,https://www.yelp.com/biz/HodL0fXoF08C3Ir-kLeTtw?show_platform_modal=True,https://www.yelp.com/search?find_desc=Restaurants&find_loc=Brooklyn%2C+NY&start=140
Trash Island,Bedford Stuyvesant,"Coffee & Tea, Empanadas, Sandwiches",4.5,"√ Outdoor seating, × Delivery, √ Takeout",,https://www.yelp.com/biz/trash-island-brooklyn?osq=Restaurants,https://www.yelp.com/search?find_desc=Restaurants&find_loc=Brooklyn%2C+NY&start=140,https://www.yelp.com/search?find_desc=Restaurants&find_loc=Brooklyn%2C+NY&start=140
Lulu & Po,Clinton Hill,"American (New), Wine Bars, Tapas/Small Plates",4.0,"× Outdoor seating, × Delivery, √ Takeout",,https://www.yelp.com/biz/lulu-and-po-brooklyn-6?osq=Restaurants,https://www.yelp.com/search?find_desc=Restaurants&find_loc=Brooklyn%2C+NY&start=150,https://www.yelp.com/search?find_desc=Restaurants&find_loc=Brooklyn%2C+NY&start=150
Mariella,South Slope,"Italian, Gluten-Free, Salad",4.4,"√ Outdoor seating, √ Delivery, √ Takeout",$$,https://www.yelp.com/biz/mariella-brooklyn?osq=Restaurants,https://www.yelp.com/search?find_desc=Restaurants&find_loc=Brooklyn%2C+NY&start=150,https://www.yelp.com/search?find_desc=Restaurants&find_loc=Brooklyn%2C+NY&start=150
Woori Korean,Fort Greene,Korean,4.9,"× Outdoor seating, √ Delivery, √ Takeout",,https://www.yelp.com/biz/woori-korean-brooklyn-2?osq=Restaurants,https://www.yelp.com/biz/l0vT-Cw6JBmhhJhCOT8b0Q?show_platform_modal=True,https://www.yelp.com/search?find_desc=Restaurants&find_loc=Brooklyn%2C+NY&start=150
Mekong BK,Fort Greene,Vietnamese,3.8,"√ Delivery, √ Takeout",$$,https://www.yelp.com/biz/mekong-bk-brooklyn?osq=Restaurants,https://www.yelp.com/biz/vb-8neuGi8GPDTTnT2WO7g?show_platform_modal=True,https://www.yelp.com/search?find_desc=Restaurants&find_loc=Brooklyn%2C+NY&start=150
Edie Jo’s,Prospect Lefferts Gardens,"Cocktail Bars, American (New), Breakfast & Brunch",3.7,"√ Outdoor seating, √ Delivery, √ Takeout",$$,https://www.yelp.com/biz/edie-jos-brooklyn?osq=Restaurants,https://www.yelp.com/biz/srqlsWg0od6soGI2Zf8mXA?show_platform_modal=True,https://www.yelp.com/search?find_desc=Restaurants&find_loc=Brooklyn%2C+NY&start=150
Bar Crudo,Park Slope,"Seafood, Cocktail Bars, Breakfast & Brunch",4.4,"√ Outdoor seating, √ Delivery, √ Takeout",$$$,https://www.yelp.com/biz/bar-crudo-brooklyn-2?osq=Restaurants,https://www.yelp.com/search?find_desc=Restaurants&find_loc=Brooklyn%2C+NY&start=150,https://www.yelp.com/search?find_desc=Restaurants&find_loc=Brooklyn%2C+NY&start=150
Werkstatt,Flatbush,"Austrian, Cocktail Bars",4.5,"√ Outdoor seating, √ Delivery, √ Takeout",$$,https://www.yelp.com/biz/werkstatt-brooklyn-2?osq=Restaurants,https://www.yelp.com/biz/FXBrt0VpeBRengdd4fBOZw?show_platform_modal=True,https://www.yelp.com/search?find_desc=Restaurants&find_loc=Brooklyn%2C+NY&start=150
The Nuaa Table,Prospect Heights,Thai,4.5,"√ Outdoor seating, √ Delivery, √ Takeout",,https://www.yelp.com/biz/the-nuaa-table-brooklyn?osq=Restaurants,https://www.yelp.com/biz/jiQMBtFQ0nY1hv3vRPM66w?show_platform_modal=True,https://www.yelp.com/search?find_desc=Restaurants&find_loc=Brooklyn%2C+NY&start=150
Rolo’s,Ridgewood,"Sandwiches, American (New), Cocktail Bars",4.4,"√ Outdoor seating, √ Delivery, √ Takeout",,https://www.yelp.com/biz/rolos-ridgewood?osq=Restaurants,https://www.yelp.com/search?find_desc=Restaurants&find_loc=Brooklyn%2C+NY&start=150,https://www.yelp.com/search?find_desc=Restaurants&find_loc=Brooklyn%2C+NY&start=150
PLG Coffee House and Tavern,Prospect Lefferts Gardens,"Coffee & Tea, Breakfast & Brunch, Sandwiches",4.0,"√ Outdoor seating, √ Delivery, √ Takeout",$$,https://www.yelp.com/biz/plg-coffee-house-and-tavern-brooklyn?osq=Restaurants,https://www.yelp.com/biz/4DVvKcNIdXxOLbdOm2sRmQ?show_platform_modal=True,https://www.yelp.com/search?find_desc=Restaurants&find_loc=Brooklyn%2C+NY&start=150
Patti Ann’s,Prospect Heights,"American (New), Desserts, Cocktail Bars",3.8,,,https://www.yelp.com/biz/patti-anns-brooklyn?osq=Restaurants,https://www.yelp.com/search?find_desc=Restaurants&find_loc=Brooklyn%2C+NY&start=160,https://www.yelp.com/search?find_desc=Restaurants&find_loc=Brooklyn%2C+NY&start=160
99 Rogers,Crown Heights,"American (Traditional), Breakfast & Brunch, Sports Bars",3.9,"√ Outdoor seating, × Delivery, √ Takeout",$$,https://www.yelp.com/biz/99-rogers-crown-heights?osq=Restaurants,https://www.yelp.com/search?find_desc=Restaurants&find_loc=Brooklyn%2C+NY&start=160,https://www.yelp.com/search?find_desc=Restaurants&find_loc=Brooklyn%2C+NY&start=160
Kyuramen - Park Slope,Park Slope,Ramen,4.3,"√ Outdoor seating, √ Delivery, √ Takeout",$$,https://www.yelp.com/biz/kyuramen-park-slope-brooklyn?osq=Restaurants,https://www.yelp.com/search?find_desc=Restaurants&find_loc=Brooklyn%2C+NY&start=160,https://www.yelp.com/search?find_desc=Restaurants&find_loc=Brooklyn%2C+NY&start=160
Time Out Market New York,DUMBO,Food Court,3.9,"√ Outdoor seating, √ Delivery, √ Takeout",$$,https://www.yelp.com/biz/time-out-market-new-york-brooklyn?osq=Restaurants,https://www.yelp.com/search?find_desc=Restaurants&find_loc=Brooklyn%2C+NY&start=160,https://www.yelp.com/search?find_desc=Restaurants&find_loc=Brooklyn%2C+NY&start=160
Casa Ora,East Williamsburg,"Venezuelan, Cocktail Bars, Venues & Event Spaces",4.4,"√ Outdoor seating, √ Delivery, √ Takeout",$$$,https://www.yelp.com/biz/casa-ora-brooklyn?osq=Restaurants,https://www.yelp.com/biz/4XT1vFeDOa9nWYFh36E8fQ?show_platform_modal=True,https://www.yelp.com/search?find_desc=Restaurants&find_loc=Brooklyn%2C+NY&start=160
Restaurant Yuu,Greenpoint,"French, Bars",5.0,,,https://www.yelp.com/biz/restaurant-yuu-brooklyn?osq=Restaurants,https://www.yelp.com/search?find_desc=Restaurants&find_loc=Brooklyn%2C+NY&start=160,https://www.yelp.com/search?find_desc=Restaurants&find_loc=Brooklyn%2C+NY&start=160
The Islands,Prospect Heights,Caribbean,4.2,"√ Delivery, √ Takeout",$$,https://www.yelp.com/biz/the-islands-brooklyn-2?osq=Restaurants,https://www.yelp.com/biz/KBW0EP-prQBhkqqGJCxmXg?show_platform_modal=True,https://www.yelp.com/search?find_desc=Restaurants&find_loc=Brooklyn%2C+NY&start=160
Palmetto,Bushwick,"Wine Bars, Mediterranean, Cocktail Bars",4.5,√ Outdoor seating,,https://www.yelp.com/biz/palmetto-brooklyn?osq=Restaurants,https://www.yelp.com/search?find_desc=Restaurants&find_loc=Brooklyn%2C+NY&start=160,https://www.yelp.com/search?find_desc=Restaurants&find_loc=Brooklyn%2C+NY&start=160
Le Garage,Bushwick,"American (New), French, Cocktail Bars",4.0,"√ Outdoor seating, √ Delivery, √ Takeout",$$,https://www.yelp.com/biz/le-garage-brooklyn?osq=Restaurants,https://www.yelp.com/search?find_desc=Restaurants&find_loc=Brooklyn%2C+NY&start=160,https://www.yelp.com/search?find_desc=Restaurants&find_loc=Brooklyn%2C+NY&start=160
La’Mode BK,Crown Heights,"Asian Fusion, Caribbean, Cocktail Bars",4.4,,$$,https://www.yelp.com/biz/lamode-bk-brooklyn?osq=Restaurants,https://www.yelp.com/search?find_desc=Restaurants&find_loc=Brooklyn%2C+NY&start=160,https://www.yelp.com/search?find_desc=Restaurants&find_loc=Brooklyn%2C+NY&start=160
Le Garage,Bushwick,"American (New), French, Cocktail Bars",4.0,"√ Outdoor seating, √ Delivery, √ Takeout",$$,https://www.yelp.com/biz/le-garage-brooklyn?osq=Restaurants,https://www.yelp.com/search?find_desc=Restaurants&find_loc=Brooklyn%2C+NY&start=170,https://www.yelp.com/search?find_desc=Restaurants&find_loc=Brooklyn%2C+NY&start=170
La’Mode BK,Crown Heights,"Asian Fusion, Caribbean, Cocktail Bars",4.4,,$$,https://www.yelp.com/biz/lamode-bk-brooklyn?osq=Restaurants,https://www.yelp.com/search?find_desc=Restaurants&find_loc=Brooklyn%2C+NY&start=170,https://www.yelp.com/search?find_desc=Restaurants&find_loc=Brooklyn%2C+NY&start=170
Papelon con Limon,Bushwick,"Venezuelan, Food Trucks, Salad",4.5,"√ Delivery, √ Takeout",,https://www.yelp.com/biz/papelon-con-limon-brooklyn?osq=Restaurants,https://www.yelp.com/biz/Xq3ZO-DL3M6FkuJQBuE93Q?show_platform_modal=True,https://www.yelp.com/search?find_desc=Restaurants&find_loc=Brooklyn%2C+NY&start=170
Ogliastro,Prospect Heights,"Pizza, Italian",4.0,"√ Delivery, √ Takeout",$$,https://www.yelp.com/biz/ogliastro-brooklyn?osq=Restaurants,https://www.yelp.com/biz/qtdR-eDXwbzWQvUzVXQE6w?show_platform_modal=True,https://www.yelp.com/search?find_desc=Restaurants&find_loc=Brooklyn%2C+NY&start=170
The Market,Clinton Hill,"Coffee & Tea, Asian Fusion",4.2,"× Outdoor seating, √ Delivery, √ Takeout",$$,https://www.yelp.com/biz/the-market-clinton-hill?osq=Restaurants,https://www.yelp.com/search?find_desc=Restaurants&find_loc=Brooklyn%2C+NY&start=170,https://www.yelp.com/search?find_desc=Restaurants&find_loc=Brooklyn%2C+NY&start=170
ZuriLee Restaurant,Prospect Lefferts Gardens,"Caribbean, Pizza, Cocktail Bars",4.3,"√ Outdoor seating, √ Delivery, √ Takeout",$$,https://www.yelp.com/biz/zurilee-restaurant-brooklyn-3?osq=Restaurants,https://www.yelp.com/search?find_desc=Restaurants&find_loc=Brooklyn%2C+NY&start=170,https://www.yelp.com/search?find_desc=Restaurants&find_loc=Brooklyn%2C+NY&start=170
Al Badawi,Brooklyn Heights,Middle Eastern,4.4,"√ Outdoor seating, √ Delivery, √ Takeout",$$,https://www.yelp.com/biz/al-badawi-brooklyn-2?osq=Restaurants,https://www.yelp.com/biz/SwFr8vVU9j2Wlo-QejpRGA?show_platform_modal=True,https://www.yelp.com/search?find_desc=Restaurants&find_loc=Brooklyn%2C+NY&start=170
CZEN Restaurant Brooklyn,Flatlands,"Caribbean, Asian Fusion, Breakfast & Brunch",3.9,"√ Outdoor seating, √ Delivery, √ Takeout",$$$,https://www.yelp.com/biz/czen-restaurant-brooklyn-brooklyn?osq=Restaurants,https://www.yelp.com/biz/R8x9TlQ5zj-CzrjHVxHD-Q?show_platform_modal=True,https://www.yelp.com/search?find_desc=Restaurants&find_loc=Brooklyn%2C+NY&start=170
Aunt Butchies of Park Slope,Park Slope,"Desserts, Pasta Shops, Sandwiches",4.9,"√ Outdoor seating, √ Delivery, √ Takeout",,https://www.yelp.com/biz/aunt-butchies-of-park-slope-brooklyn?osq=Restaurants,https://www.yelp.com/search?find_desc=Restaurants&find_loc=Brooklyn%2C+NY&start=170,https://www.yelp.com/search?find_desc=Restaurants&find_loc=Brooklyn%2C+NY&start=170
Dinner Party,Fort Greene,"American (New), Breakfast & Brunch",4.6,"× Outdoor seating, × Delivery, √ Takeout",,https://www.yelp.com/biz/dinner-party-brooklyn?osq=Restaurants,https://www.yelp.com/search?find_desc=Restaurants&find_loc=Brooklyn%2C+NY&start=170,https://www.yelp.com/search?find_desc=Restaurants&find_loc=Brooklyn%2C+NY&start=170
OH BOY,Williamsburg - North Side,"Breakfast & Brunch, Coffee & Tea, Burgers",3.9,,,https://www.yelp.com/biz/oh-boy-brooklyn?osq=Restaurants,https://www.yelp.com/search?find_desc=Restaurants&find_loc=Brooklyn%2C+NY&start=180,https://www.yelp.com/search?find_desc=Restaurants&find_loc=Brooklyn%2C+NY&start=180
Bushwick Public House,Bushwick,"Cafes, Music Venues, Bars",4.3,√ Takeout,$,https://www.yelp.com/biz/bushwick-public-house-brooklyn?osq=Restaurants,https://www.yelp.com/search?find_desc=Restaurants&find_loc=Brooklyn%2C+NY&start=180,https://www.yelp.com/search?find_desc=Restaurants&find_loc=Brooklyn%2C+NY&start=180
Best Damn Breakfast Burrito,South Williamsburg,Mexican,4.9,"√ Delivery, √ Takeout",,https://www.yelp.com/biz/best-damn-breakfast-burrito-brooklyn?osq=Restaurants,https://www.yelp.com/biz/pyMgfsfoPOZCpWijgW_Lxg?show_platform_modal=True,https://www.yelp.com/search?find_desc=Restaurants&find_loc=Brooklyn%2C+NY&start=180
The Fly,Clinton Hill,"Wine Bars, Chicken Shop, Cocktail Bars",3.8,"√ Outdoor seating, √ Delivery, √ Takeout",,https://www.yelp.com/biz/the-fly-brooklyn?osq=Restaurants,https://www.yelp.com/search?find_desc=Restaurants&find_loc=Brooklyn%2C+NY&start=180,https://www.yelp.com/search?find_desc=Restaurants&find_loc=Brooklyn%2C+NY&start=180
Malinche Mexican Restaurant,Prospect Lefferts Gardens,Tacos,4.6,"√ Delivery, √ Takeout",,https://www.yelp.com/biz/malinche-mexican-restaurant-brooklyn?osq=Restaurants,https://www.yelp.com/search?find_desc=Restaurants&find_loc=Brooklyn%2C+NY&start=180,https://www.yelp.com/search?find_desc=Restaurants&find_loc=Brooklyn%2C+NY&start=180
Luana’s Tavern,Carroll Gardens,"American (New), Cocktail Bars, Breakfast & Brunch",4.8,"√ Outdoor seating, √ Delivery, √ Takeout",,https://www.yelp.com/biz/luana-s-tavern-brooklyn?osq=Restaurants,https://www.yelp.com/biz/ZWDE2LJ3EK0VrAS-1m0XlQ?show_platform_modal=True,https://www.yelp.com/search?find_desc=Restaurants&find_loc=Brooklyn%2C+NY&start=180
Okonomi,Williamsburg - North Side,"Japanese, Seafood",4.3,"√ Outdoor seating, √ Delivery, √ Takeout",$$$,https://www.yelp.com/biz/okonomi-brooklyn?osq=Restaurants,https://www.yelp.com/search?find_desc=Restaurants&find_loc=Brooklyn%2C+NY&start=180,https://www.yelp.com/search?find_desc=Restaurants&find_loc=Brooklyn%2C+NY&start=180
Atithi Indian Cuisine,Williamsburg - North Side,Indian,4.8,"× Outdoor seating, √ Delivery, √ Takeout",$$,https://www.yelp.com/biz/atithi-indian-cuisine-brooklyn?osq=Restaurants,https://www.yelp.com/reservations/atithi-indian-cuisine-brooklyn,https://www.yelp.com/search?find_desc=Restaurants&find_loc=Brooklyn%2C+NY&start=180
Sobre Masa,East Williamsburg,"Mexican, Cocktail Bars",4.6,"× Outdoor seating, √ Delivery, √ Takeout",,https://www.yelp.com/biz/sobre-masa-brooklyn-2?osq=Restaurants,https://www.yelp.com/search?find_desc=Restaurants&find_loc=Brooklyn%2C+NY&start=180,https://www.yelp.com/search?find_desc=Restaurants&find_loc=Brooklyn%2C+NY&start=180
Puff’s Patties,Crown Heights,"Caribbean, Empanadas",4.7,,,https://www.yelp.com/biz/puff-s-patties-brooklyn?osq=Restaurants,https://www.yelp.com/search?find_desc=Restaurants&find_loc=Brooklyn%2C+NY&start=180,https://www.yelp.com/search?find_desc=Restaurants&find_loc=Brooklyn%2C+NY&start=180
Cafe Gitane,Vinegar Hill,"Moroccan, French, Breakfast & Brunch",4.2,"√ Outdoor seating, √ Delivery, √ Takeout",,https://www.yelp.com/biz/cafe-gitane-brooklyn?osq=Restaurants,https://www.yelp.com/biz/ATQDTQu3SsCetuG-byzOFg?show_platform_modal=True,https://www.yelp.com/search?find_desc=Restaurants&find_loc=Brooklyn%2C+NY&start=190
Barbalu - Brooklyn,Cobble Hill,"Italian, Pizza, Bars",4.4,"√ Outdoor seating, √ Delivery, √ Takeout",,https://www.yelp.com/biz/barbalu-brooklyn-brooklyn?osq=Restaurants,https://www.yelp.com/biz/ZFaIpks0AmQKdFvqYbj0QQ?show_platform_modal=True,https://www.yelp.com/search?find_desc=Restaurants&find_loc=Brooklyn%2C+NY&start=190
Cafe Mars,Gowanus,Italian,4.6,,,https://www.yelp.com/biz/cafe-mars-brooklyn?osq=Restaurants,https://www.yelp.com/search?find_desc=Restaurants&find_loc=Brooklyn%2C+NY&start=190,https://www.yelp.com/search?find_desc=Restaurants&find_loc=Brooklyn%2C+NY&start=190
Underhill Cafe,Prospect Heights,"Greek, Mediterranean, Bars",4.4,"√ Delivery, √ Takeout",$$,https://www.yelp.com/biz/underhill-cafe-brooklyn?osq=Restaurants,https://www.yelp.com/biz/pM9_afJOT623MmH_18t6SQ?show_platform_modal=True,https://www.yelp.com/search?find_desc=Restaurants&find_loc=Brooklyn%2C+NY&start=190
Ramen Danbo,Park Slope,"Ramen, Noodles",4.2,"√ Outdoor seating, √ Delivery, √ Takeout",$$,https://www.yelp.com/biz/ramen-danbo-brooklyn?osq=Restaurants,https://www.yelp.com/search?find_desc=Restaurants&find_loc=Brooklyn%2C+NY&start=190,https://www.yelp.com/search?find_desc=Restaurants&find_loc=Brooklyn%2C+NY&start=190
Bangkok Degree,Park Slope,Thai,4.5,"× Outdoor seating, √ Delivery, √ Takeout",$$,https://www.yelp.com/biz/bangkok-degree-brooklyn?osq=Restaurants,https://www.yelp.com/biz/F8WAp6PLIhM_0mNbVTsSzg?show_platform_modal=True,https://www.yelp.com/search?find_desc=Restaurants&find_loc=Brooklyn%2C+NY&start=190
Lucy’s Vietnamese Bushwick,Bushwick,"Vietnamese, Sandwiches, Noodles",3.8,"√ Delivery, √ Takeout",$$,https://www.yelp.com/biz/lucys-vietnamese-bushwick-brooklyn?osq=Restaurants,https://www.yelp.com/biz/ooHTw6KGNXsKj5TmyHKVuQ?show_platform_modal=True,https://www.yelp.com/search?find_desc=Restaurants&find_loc=Brooklyn%2C+NY&start=190
Tacobee’s,Crown Heights,Tacos,4.7,"× Outdoor seating, √ Delivery, √ Takeout",,https://www.yelp.com/biz/tacobee-s-new-york?osq=Restaurants,https://www.yelp.com/biz/C0XQBFVCoH7rbaTl05kaOg?show_platform_modal=True,https://www.yelp.com/search?find_desc=Restaurants&find_loc=Brooklyn%2C+NY&start=190
Cross Road,Flatbush,"Caribbean, American (New)",4.7,"√ Delivery, √ Takeout",,https://www.yelp.com/biz/cross-road-brooklyn?osq=Restaurants,https://www.yelp.com/reservations/cross-road-brooklyn,https://www.yelp.com/search?find_desc=Restaurants&find_loc=Brooklyn%2C+NY&start=190
Bushniwa,East Williamsburg,"Japanese, Sushi Bars, Asian Fusion",4.2,"√ Outdoor seating, √ Delivery, √ Takeout",$$,https://www.yelp.com/biz/bushniwa-brooklyn?osq=Restaurants,https://www.yelp.com/reservations/bushniwa-brooklyn,https://www.yelp.com/search?find_desc=Restaurants&find_loc=Brooklyn%2C+NY&start=190
Mothers Seafood & More,East Flatbush,"Seafood, Soul Food, Caribbean",3.6,"× Outdoor seating, √ Delivery, √ Takeout",$$,https://www.yelp.com/biz/mothers-seafood-and-more-brooklyn?osq=Restaurants,https://www.yelp.com/biz/6Lj0w6PaD7wLQduKmVJRCg?show_platform_modal=True,https://www.yelp.com/search?find_desc=Restaurants&find_loc=Brooklyn%2C+NY&start=200
Underhill Cafe,Prospect Heights,"Greek, Mediterranean, Bars",4.4,"√ Delivery, √ Takeout",$$,https://www.yelp.com/biz/underhill-cafe-brooklyn?osq=Restaurants,https://www.yelp.com/biz/pM9_afJOT623MmH_18t6SQ?show_platform_modal=True,https://www.yelp.com/search?find_desc=Restaurants&find_loc=Brooklyn%2C+NY&start=200
Bangkok Degree,Park Slope,Thai,4.5,"× Outdoor seating, √ Delivery, √ Takeout",$$,https://www.yelp.com/biz/bangkok-degree-brooklyn?osq=Restaurants,https://www.yelp.com/biz/F8WAp6PLIhM_0mNbVTsSzg?show_platform_modal=True,https://www.yelp.com/search?find_desc=Restaurants&find_loc=Brooklyn%2C+NY&start=200
Lucy’s Vietnamese Bushwick,Bushwick,"Vietnamese, Sandwiches, Noodles",3.8,"√ Delivery, √ Takeout",$$,https://www.yelp.com/biz/lucys-vietnamese-bushwick-brooklyn?osq=Restaurants,https://www.yelp.com/biz/ooHTw6KGNXsKj5TmyHKVuQ?show_platform_modal=True,https://www.yelp.com/search?find_desc=Restaurants&find_loc=Brooklyn%2C+NY&start=200
Strange Flavor Burger Shack,Bushwick,"Burgers, Asian Fusion, Vegetarian",3.8,"√ Outdoor seating, √ Delivery, √ Takeout",$$,https://www.yelp.com/biz/strange-flavor-burger-shack-brooklyn?osq=Restaurants,https://www.yelp.com/search?find_desc=Restaurants&find_loc=Brooklyn%2C+NY&start=200,https://www.yelp.com/search?find_desc=Restaurants&find_loc=Brooklyn%2C+NY&start=200
Tacobee’s,Crown Heights,Tacos,4.7,"× Outdoor seating, √ Delivery, √ Takeout",,https://www.yelp.com/biz/tacobee-s-new-york?osq=Restaurants,https://www.yelp.com/biz/C0XQBFVCoH7rbaTl05kaOg?show_platform_modal=True,https://www.yelp.com/search?find_desc=Restaurants&find_loc=Brooklyn%2C+NY&start=200
Cross Road,Flatbush,"Caribbean, American (New)",4.7,"√ Delivery, √ Takeout",,https://www.yelp.com/biz/cross-road-brooklyn?osq=Restaurants,https://www.yelp.com/reservations/cross-road-brooklyn,https://www.yelp.com/search?find_desc=Restaurants&find_loc=Brooklyn%2C+NY&start=200
Bushniwa,East Williamsburg,"Japanese, Sushi Bars, Asian Fusion",4.2,"√ Outdoor seating, √ Delivery, √ Takeout",$$,https://www.yelp.com/biz/bushniwa-brooklyn?osq=Restaurants,https://www.yelp.com/reservations/bushniwa-brooklyn,https://www.yelp.com/search?find_desc=Restaurants&find_loc=Brooklyn%2C+NY&start=200
Velvet Brooklyn,Williamsburg - South Side,"Cocktail Bars, Cafes",4.3,"√ Outdoor seating, × Delivery, × Takeout",$$,https://www.yelp.com/biz/velvet-brooklyn-brooklyn-2?osq=Restaurants,https://www.yelp.com/search?find_desc=Restaurants&find_loc=Brooklyn%2C+NY&start=200,https://www.yelp.com/search?find_desc=Restaurants&find_loc=Brooklyn%2C+NY&start=200
U-Crew,Ridgewood,"Bubble Tea, Creperies, Ice Cream & Frozen Yogurt",4.5,"× Outdoor seating, √ Delivery, √ Takeout",,https://www.yelp.com/biz/u-crew-ridgewood?osq=Restaurants,https://www.yelp.com/biz/XXyDVpg--eLGlnIn4kPaQg?show_platform_modal=True,https://www.yelp.com/search?find_desc=Restaurants&find_loc=Brooklyn%2C+NY&start=200
Tacobee’s,Crown Heights,Tacos,4.7,"× Outdoor seating, √ Delivery, √ Takeout",,https://www.yelp.com/biz/tacobee-s-new-york?osq=Restaurants,https://www.yelp.com/biz/C0XQBFVCoH7rbaTl05kaOg?show_platform_modal=True,https://www.yelp.com/search?find_desc=Restaurants&find_loc=Brooklyn%2C+NY&start=210
Cross Road,Flatbush,"Caribbean, American (New)",4.7,"√ Delivery, √ Takeout",,https://www.yelp.com/biz/cross-road-brooklyn?osq=Restaurants,https://www.yelp.com/reservations/cross-road-brooklyn,https://www.yelp.com/search?find_desc=Restaurants&find_loc=Brooklyn%2C+NY&start=210
Dave’s Hot Chicken,Park Slope,"Chicken Shop, Halal",4.4,"√ Delivery, √ Takeout",$$,https://www.yelp.com/biz/daves-hot-chicken-brooklyn-4?osq=Restaurants,https://www.yelp.com/biz/-4qzM1az9XBM_X2CkfXUGw?show_platform_modal=True,https://www.yelp.com/search?find_desc=Restaurants&find_loc=Brooklyn%2C+NY&start=210
Bushniwa,East Williamsburg,"Japanese, Sushi Bars, Asian Fusion",4.2,"√ Outdoor seating, √ Delivery, √ Takeout",$$,https://www.yelp.com/biz/bushniwa-brooklyn?osq=Restaurants,https://www.yelp.com/reservations/bushniwa-brooklyn,https://www.yelp.com/search?find_desc=Restaurants&find_loc=Brooklyn%2C+NY&start=210
Velvet Brooklyn,Williamsburg - South Side,"Cocktail Bars, Cafes",4.3,"√ Outdoor seating, × Delivery, × Takeout",$$,https://www.yelp.com/biz/velvet-brooklyn-brooklyn-2?osq=Restaurants,https://www.yelp.com/search?find_desc=Restaurants&find_loc=Brooklyn%2C+NY&start=210,https://www.yelp.com/search?find_desc=Restaurants&find_loc=Brooklyn%2C+NY&start=210
U-Crew,Ridgewood,"Bubble Tea, Creperies, Ice Cream & Frozen Yogurt",4.5,"× Outdoor seating, √ Delivery, √ Takeout",,https://www.yelp.com/biz/u-crew-ridgewood?osq=Restaurants,https://www.yelp.com/biz/XXyDVpg--eLGlnIn4kPaQg?show_platform_modal=True,https://www.yelp.com/search?find_desc=Restaurants&find_loc=Brooklyn%2C+NY&start=210
Gueros,Crown Heights,"Mexican, Bars",3.8,"√ Outdoor seating, √ Delivery, √ Takeout",$$,https://www.yelp.com/biz/gueros-brooklyn?osq=Restaurants,https://www.yelp.com/biz/Av0BsdlotLFoEar5u1rDzg?show_platform_modal=True,https://www.yelp.com/search?find_desc=Restaurants&find_loc=Brooklyn%2C+NY&start=210
Los Tres Chiflados,Ditmas Park,Mexican,3.8,"× Outdoor seating, √ Delivery, √ Takeout",$$,https://www.yelp.com/biz/los-tres-chiflados-brooklyn?osq=Restaurants,https://www.yelp.com/biz/jy6AHLVJ7cVJZ4Fl_ds3Qg?show_platform_modal=True,https://www.yelp.com/search?find_desc=Restaurants&find_loc=Brooklyn%2C+NY&start=210
Fob Brooklyn,Gowanus,"Filipino, Breakfast & Brunch, Barbeque",4.2,"√ Outdoor seating, √ Delivery, √ Takeout",$$,https://www.yelp.com/biz/fob-brooklyn-brooklyn-2?osq=Restaurants,https://www.yelp.com/biz/xymropCDcEvCYGKC0AKe-w?show_platform_modal=True,https://www.yelp.com/search?find_desc=Restaurants&find_loc=Brooklyn%2C+NY&start=210
East Coast Street Tacos,New Lots,"Tacos, Spanish, Fast Food",4.3,"√ Outdoor seating, √ Delivery, √ Takeout",,https://www.yelp.com/biz/east-coast-street-tacos-brooklyn?osq=Restaurants,https://www.yelp.com/biz/Xx-tBWUDuRJLXVchU93NxA?show_platform_modal=True,https://www.yelp.com/search?find_desc=Restaurants&find_loc=Brooklyn%2C+NY&start=210
Francie,South Williamsburg,"American (New), Brasseries",4.5,"× Outdoor seating, × Delivery, × Takeout",$$$$,https://www.yelp.com/biz/francie-brooklyn?osq=Restaurants,https://www.yelp.com/search?find_desc=Restaurants&find_loc=Brooklyn%2C+NY&start=220,https://www.yelp.com/search?find_desc=Restaurants&find_loc=Brooklyn%2C+NY&start=220
Las Santas,Fort Greene,"Mexican, Cocktail Bars, Breakfast & Brunch",4.2,"√ Outdoor seating, √ Delivery, √ Takeout",$$,https://www.yelp.com/biz/las-santas-brooklyn-2?osq=Restaurants,https://www.yelp.com/biz/4pj4ol7lXiytDD-BTKe3kg?show_platform_modal=True,https://www.yelp.com/search?find_desc=Restaurants&find_loc=Brooklyn%2C+NY&start=220
Bou’ote,Crown Heights,"Kosher, Cocktail Bars",5.0,"√ Outdoor seating, √ Takeout",,https://www.yelp.com/biz/bouote-brooklyn?osq=Restaurants,https://www.yelp.com/search?find_desc=Restaurants&find_loc=Brooklyn%2C+NY&start=220,https://www.yelp.com/search?find_desc=Restaurants&find_loc=Brooklyn%2C+NY&start=220
Tea and Milk,Bay Ridge,"Bubble Tea, Vietnamese, Sandwiches",4.7,"√ Delivery, √ Takeout",,https://www.yelp.com/biz/tea-and-milk-brooklyn?osq=Restaurants,https://www.yelp.com/search?find_desc=Restaurants&find_loc=Brooklyn%2C+NY&start=220,https://www.yelp.com/search?find_desc=Restaurants&find_loc=Brooklyn%2C+NY&start=220
2 Chix,Bedford Stuyvesant,"Breakfast & Brunch, Comfort Food, Caribbean",4.1,"√ Outdoor seating, √ Delivery, √ Takeout",,https://www.yelp.com/biz/2-chix-brooklyn-2?osq=Restaurants,https://www.yelp.com/biz/idViQYqbVGaMZnD65HlulA?show_platform_modal=True,https://www.yelp.com/search?find_desc=Restaurants&find_loc=Brooklyn%2C+NY&start=220
Le Petit Monstre,Bedford Stuyvesant,"Bakeries, Cafes",4.4,,,https://www.yelp.com/biz/le-petit-monstre-brooklyn-2?osq=Restaurants,https://www.yelp.com/search?find_desc=Restaurants&find_loc=Brooklyn%2C+NY&start=220,https://www.yelp.com/search?find_desc=Restaurants&find_loc=Brooklyn%2C+NY&start=220
Bulbap Grill,Bushwick,Korean,4.3,"√ Outdoor seating, √ Delivery, √ Takeout",,https://www.yelp.com/biz/bulbap-grill-brooklyn-2?osq=Restaurants,https://www.yelp.com/biz/GDHm-QyjlGEC_gg6pV7mZg?show_platform_modal=True,https://www.yelp.com/search?find_desc=Restaurants&find_loc=Brooklyn%2C+NY&start=220
Omar’s Fine Cuisine,Prospect Heights,"Halal, Indian, Pizza",4.7,"√ Delivery, √ Takeout",,https://www.yelp.com/biz/omars-fine-cuisine-brooklyn?osq=Restaurants,https://www.yelp.com/biz/zS4j95rR7PRdFdIfqD2Mmg?show_platform_modal=True,https://www.yelp.com/search?find_desc=Restaurants&find_loc=Brooklyn%2C+NY&start=220
Rana Fifteen,Gowanus,"Turkish, Seafood, Tapas/Small Plates",4.6,"√ Delivery, √ Takeout",,https://www.yelp.com/biz/rana-fifteen-brooklyn?osq=Restaurants,https://www.yelp.com/biz/AIrNQUhEfFIWlRxfoPDZng?show_platform_modal=True,https://www.yelp.com/search?find_desc=Restaurants&find_loc=Brooklyn%2C+NY&start=220
September,Bedford Stuyvesant,"Coffee & Tea, Cafes, Sandwiches",4.5,,,https://www.yelp.com/biz/september-brooklyn-2?osq=Restaurants,https://www.yelp.com/search?find_desc=Restaurants&find_loc=Brooklyn%2C+NY&start=220,https://www.yelp.com/search?find_desc=Restaurants&find_loc=Brooklyn%2C+NY&start=220
Dashi - Brooklyn,East Williamsburg,"Japanese, Comfort Food, Coffee & Tea",4.2,"√ Outdoor seating, √ Delivery, √ Takeout",$$,https://www.yelp.com/biz/dashi-brooklyn-brooklyn-3?osq=Restaurants,https://www.yelp.com/biz/X73hpslpgeJNhVohYIUzfQ?show_platform_modal=True,https://www.yelp.com/search?find_desc=Restaurants&find_loc=Brooklyn%2C+NY&start=230
Lucali,Carroll Gardens,Pizza,4.2,"√ Outdoor seating, √ Delivery, √ Takeout",$$,https://www.yelp.com/biz/lucali-brooklyn-3?osq=Restaurants,https://www.yelp.com/search?find_desc=Restaurants&find_loc=Brooklyn%2C+NY&start=230,https://www.yelp.com/search?find_desc=Restaurants&find_loc=Brooklyn%2C+NY&start=230
Bricolage,Park Slope,"Vietnamese, Gastropubs, Cocktail Bars",4.0,"√ Outdoor seating, √ Delivery, √ Takeout",$$$,https://www.yelp.com/biz/bricolage-brooklyn?osq=Restaurants,https://www.yelp.com/biz/KJFosOrLotvQo_rntg0sjA?show_platform_modal=True,https://www.yelp.com/search?find_desc=Restaurants&find_loc=Brooklyn%2C+NY&start=230
Locanda Vini e Olii,Clinton Hill,"Italian, Wine Bars",4.0,"√ Outdoor seating, √ Delivery, √ Takeout",$$$,https://www.yelp.com/biz/locanda-vini-e-olii-brooklyn-4?osq=Restaurants,https://www.yelp.com/search?find_desc=Restaurants&find_loc=Brooklyn%2C+NY&start=230,https://www.yelp.com/search?find_desc=Restaurants&find_loc=Brooklyn%2C+NY&start=230
Mesiba,Williamsburg - South Side,"Desserts, Cocktail Bars, Middle Eastern",4.3,,,https://www.yelp.com/biz/mesiba-brooklyn?osq=Restaurants,https://www.yelp.com/search?find_desc=Restaurants&find_loc=Brooklyn%2C+NY&start=230,https://www.yelp.com/search?find_desc=Restaurants&find_loc=Brooklyn%2C+NY&start=230
Footprints Cafe,East Flatbush,"Caribbean, Desserts, Vegetarian",2.9,"√ Outdoor seating, √ Delivery, √ Takeout",$$,https://www.yelp.com/biz/footprints-cafe-brooklyn?osq=Restaurants,https://www.yelp.com/search?find_desc=Restaurants&find_loc=Brooklyn%2C+NY&start=230,https://www.yelp.com/search?find_desc=Restaurants&find_loc=Brooklyn%2C+NY&start=230
Tom’s,Prospect Heights,"Diners, American (Traditional), Breakfast & Brunch",4.0,"√ Outdoor seating, √ Delivery, √ Takeout",$$,https://www.yelp.com/biz/toms-brooklyn?osq=Restaurants,https://www.yelp.com/biz/Vx9jsY90nQ9PCKBa1aCt9w?show_platform_modal=True,https://www.yelp.com/search?find_desc=Restaurants&find_loc=Brooklyn%2C+NY&start=230
Amaranto Mexican Restaurant,Bushwick,Mexican,4.5,"√ Outdoor seating, √ Delivery, √ Takeout",$$,https://www.yelp.com/biz/amaranto-mexican-restaurant-brooklyn?osq=Restaurants,https://www.yelp.com/biz/95a04LtXLX6gePhPEwff9A?show_platform_modal=True,https://www.yelp.com/search?find_desc=Restaurants&find_loc=Brooklyn%2C+NY&start=230
Sukkr,Crown Heights,"Desserts, Pop-up Shops, Middle Eastern",5.0,,,https://www.yelp.com/biz/sukkr-brooklyn?osq=Restaurants,https://www.yelp.com/search?find_desc=Restaurants&find_loc=Brooklyn%2C+NY&start=230,https://www.yelp.com/search?find_desc=Restaurants&find_loc=Brooklyn%2C+NY&start=230
Kimchi Grill,Prospect Heights,"Korean, Barbeque, Tacos",3.9,"√ Delivery, √ Takeout",$$,https://www.yelp.com/biz/kimchi-grill-brooklyn?osq=Restaurants,https://www.yelp.com/biz/XhCzENVgRBYcKwWLMX7FRg?show_platform_modal=True,https://www.yelp.com/search?find_desc=Restaurants&find_loc=Brooklyn%2C+NY&start=230
