Name,Address,Cuisine Tags,Rating,Features,Opening Hours,Price Range,Detail URL,Reservation Link,Source URL
Valerie,Midtown West,"American (New), Cocktail Bars",4.3,"not allow Outdoor seating, not allow Delivery, not allow Takeout",Midtown West,$11-30,https://www.yelp.com/biz/valerie-new-york?osq=Restaurants,https://www.yelp.com/search?find_desc=Restaurants&find_loc=Manhattan%2C+NY,https://www.yelp.com/search?find_desc=Restaurants&find_loc=Manhattan%2C+NY
La Grande Boucherie,Theater District,"French, Steakhouses, Cocktail Bars",4.4,"allow Outdoor seating, allow Delivery, allow Takeout",Theater District,$31-60,https://www.yelp.com/biz/la-grande-boucherie-new-york-2?osq=Restaurants,https://www.yelp.com/biz/DGhWO1sUWydVeR5j5ZZaMw?show_platform_modal=True,https://www.yelp.com/search?find_desc=Restaurants&find_loc=Manhattan%2C+NY
Blue Willow 夜来湘,Midtown West,Szechuan,4.4,"allow Outdoor seating, allow Delivery, allow Takeout",,,https://www.yelp.com/biz/blue-willow-%E5%A4%9C%E6%9D%A5%E6%B9%98-new-york-2?osq=Restaurants,https://www.yelp.com/biz/XsXLVWr1UZWVhKThNvNiaA?show_platform_modal=True,https://www.yelp.com/search?find_desc=Restaurants&find_loc=Manhattan%2C+NY
OBAO,Midtown West,"Vietnamese, Thai, Asian Fusion",4.0,"not allow Outdoor seating, allow Delivery, allow Takeout",Midtown West,$11-30,https://www.yelp.com/biz/obao-new-york-3?osq=Restaurants,https://www.yelp.com/biz/NN3mOWF5e_pnR1ArqM2bHQ?show_platform_modal=True,https://www.yelp.com/search?find_desc=Restaurants&find_loc=Manhattan%2C+NY
Olio e Più,,"Pizza, Italian, Cocktail Bars",4.4,"allow Outdoor seating, allow Delivery, allow Takeout",,$11-30,https://www.yelp.com/biz/olio-e-pi%C3%B9-new-york-7?osq=Restaurants,https://www.yelp.com/search?find_desc=Restaurants&find_loc=Manhattan%2C+NY,https://www.yelp.com/search?find_desc=Restaurants&find_loc=Manhattan%2C+NY
The Consulate - Midtown,Midtown West,"French, American (New), Cocktail Bars",4.8,"not allow Outdoor seating, allow Delivery, allow Takeout",,,https://www.yelp.com/biz/the-consulate-midtown-new-york?osq=Restaurants,https://www.yelp.com/biz/11Nbr2oTRB5Uqi36L8if8g?show_platform_modal=True,https://www.yelp.com/search?find_desc=Restaurants&find_loc=Manhattan%2C+NY
Calle Dao - Chelsea,Chelsea,"Cuban, Chinese, Asian Fusion",4.5,"not allow Outdoor seating, allow Delivery, allow Takeout",Chelsea,$11-30,https://www.yelp.com/biz/calle-dao-chelsea-new-york-3?osq=Restaurants,https://www.yelp.com/biz/pBNMZp_tKCAfRNx7-ybcHQ?show_platform_modal=True,https://www.yelp.com/search?find_desc=Restaurants&find_loc=Manhattan%2C+NY
RH Rooftop Restaurant New York,Meatpacking District,"American (Traditional), Wine Bars",4.1,"allow Outdoor seating, not allow Delivery, not allow Takeout",Meatpacking District,$31-60,https://www.yelp.com/biz/rh-rooftop-restaurant-new-york-new-york-2?osq=Restaurants,https://www.yelp.com/search?find_desc=Restaurants&find_loc=Manhattan%2C+NY,https://www.yelp.com/search?find_desc=Restaurants&find_loc=Manhattan%2C+NY
The Reading Room,Midtown East,"American (New), Cocktail Bars, Breakfast & Brunch",4.7,"not allow Outdoor seating, allow Takeout",,,https://www.yelp.com/biz/the-reading-room-new-york?osq=Restaurants,https://www.yelp.com/search?find_desc=Restaurants&find_loc=Manhattan%2C+NY,https://www.yelp.com/search?find_desc=Restaurants&find_loc=Manhattan%2C+NY
The Smith,Midtown East,"American (New), Breakfast & Brunch, Cocktail Bars",4.0,"allow Outdoor seating, allow Delivery, allow Takeout",Midtown East,$31-60,https://www.yelp.com/biz/the-smith-new-york-2?osq=Restaurants,https://www.yelp.com/search?find_desc=Restaurants&find_loc=Manhattan%2C+NY,https://www.yelp.com/search?find_desc=Restaurants&find_loc=Manhattan%2C+NY
Thai Villa,Flatiron,Thai,4.4,"allow Outdoor seating, allow Delivery, allow Takeout",Flatiron,$11-30,https://www.yelp.com/biz/thai-villa-new-york-2?osq=Restaurants,https://www.yelp.com/biz/B3_K2kUVbYOU0VaLcj_LTw?show_platform_modal=True,https://www.yelp.com/search?find_desc=Restaurants&find_loc=Manhattan%2C+NY&start=10
The Smith,Upper West Side,"American (New), Breakfast & Brunch, Cocktail Bars",3.8,"allow Outdoor seating, allow Delivery",Upper West Side,$11-30,https://www.yelp.com/biz/the-smith-new-york-3?osq=Restaurants,https://www.yelp.com/search?find_desc=Restaurants&find_loc=Manhattan%2C+NY&start=10,https://www.yelp.com/search?find_desc=Restaurants&find_loc=Manhattan%2C+NY&start=10
LoveMama,East Village,"Thai, Malaysian, Vietnamese",4.3,"allow Outdoor seating, allow Delivery, allow Takeout",East Village,$11-30,https://www.yelp.com/biz/lovemama-new-york?osq=Restaurants,https://www.yelp.com/reservations/lovemama-new-york,https://www.yelp.com/search?find_desc=Restaurants&find_loc=Manhattan%2C+NY&start=10
Mr. Sun,Midtown West,"Dim Sum, Seafood",4.4,"not allow Outdoor seating, allow Delivery, allow Takeout",Midtown West,$11-30,https://www.yelp.com/biz/mr-sun-new-york?osq=Restaurants,https://www.yelp.com/reservations/mr-sun-new-york,https://www.yelp.com/search?find_desc=Restaurants&find_loc=Manhattan%2C+NY&start=10
LumLum,Hell's Kitchen,Thai,4.4,"not allow Outdoor seating, allow Delivery, allow Takeout",Hell's Kitchen,$11-30,https://www.yelp.com/biz/lumlum-new-york?osq=Restaurants,https://www.yelp.com/biz/7xe5Pd4fvN2vo05FP2XOeg?show_platform_modal=True,https://www.yelp.com/search?find_desc=Restaurants&find_loc=Manhattan%2C+NY&start=10
Little Collins,Midtown East,"Coffee & Tea, Breakfast & Brunch, Sandwiches",4.4,"allow Outdoor seating, allow Takeout",Midtown East,$11-30,https://www.yelp.com/biz/little-collins-new-york-3?osq=Restaurants,https://www.yelp.com/search?find_desc=Restaurants&find_loc=Manhattan%2C+NY&start=10,https://www.yelp.com/search?find_desc=Restaurants&find_loc=Manhattan%2C+NY&start=10
Very Fresh Noodles,Meatpacking District,"Taiwanese, Chinese, Noodles",4.4,"allow Outdoor seating, allow Delivery, allow Takeout",Meatpacking District,$11-30,https://www.yelp.com/biz/very-fresh-noodles-new-york?osq=Restaurants,https://www.yelp.com/search?find_desc=Restaurants&find_loc=Manhattan%2C+NY&start=10,https://www.yelp.com/search?find_desc=Restaurants&find_loc=Manhattan%2C+NY&start=10
Osamil,Koreatown,"Korean, Gastropubs, Tapas/Small Plates",4.3,"allow Outdoor seating, allow Takeout",Koreatown,$11-30,https://www.yelp.com/biz/osamil-new-york?osq=Restaurants,https://www.yelp.com/search?find_desc=Restaurants&find_loc=Manhattan%2C+NY&start=10,https://www.yelp.com/search?find_desc=Restaurants&find_loc=Manhattan%2C+NY&start=10
Shukette,Chelsea,Middle Eastern,4.4,"allow Outdoor seating, not allow Delivery, allow Takeout",Chelsea,$31-60,https://www.yelp.com/biz/shukette-new-york?osq=Restaurants,https://www.yelp.com/search?find_desc=Restaurants&find_loc=Manhattan%2C+NY&start=10,https://www.yelp.com/search?find_desc=Restaurants&find_loc=Manhattan%2C+NY&start=10
FERNS,East Village,"Bars, American (New), Breakfast & Brunch",4.5,"allow Outdoor seating, not allow Delivery, not allow Takeout",East Village,$11-30,https://www.yelp.com/biz/ferns-new-york-7?osq=Restaurants,https://www.yelp.com/search?find_desc=Restaurants&find_loc=Manhattan%2C+NY&start=10,https://www.yelp.com/search?find_desc=Restaurants&find_loc=Manhattan%2C+NY&start=10
FERNS,East Village,"Bars, American (New), Breakfast & Brunch",4.5,"allow Outdoor seating, not allow Delivery, not allow Takeout",East Village,$11-30,https://www.yelp.com/biz/ferns-new-york-7?osq=Restaurants,https://www.yelp.com/search?find_desc=Restaurants&find_loc=Manhattan%2C+NY&start=20,https://www.yelp.com/search?find_desc=Restaurants&find_loc=Manhattan%2C+NY&start=20
Frida Midtown,Midtown East,"Mexican, Peruvian, Cocktail Bars",4.6,"allow Outdoor seating, allow Delivery, allow Takeout",Midtown East,$31-60,https://www.yelp.com/biz/frida-midtown-new-york?osq=Restaurants,https://www.yelp.com/reservations/frida-midtown-new-york,https://www.yelp.com/search?find_desc=Restaurants&find_loc=Manhattan%2C+NY&start=20
Dutch Freds,Theater District,"Cocktail Bars, American (New), Breakfast & Brunch",4.5,"allow Outdoor seating, not allow Delivery, allow Takeout",Theater District,$11-30,https://www.yelp.com/biz/dutch-freds-new-york-2?osq=Restaurants,https://www.yelp.com/search?find_desc=Restaurants&find_loc=Manhattan%2C+NY&start=20,https://www.yelp.com/search?find_desc=Restaurants&find_loc=Manhattan%2C+NY&start=20
Sushi Lab Rooftop,Theater District,"Japanese, Sushi Bars, Bars",4.1,"allow Outdoor seating, not allow Delivery, not allow Takeout",,,https://www.yelp.com/biz/sushi-lab-rooftop-new-york-2?osq=Restaurants,https://www.yelp.com/search?find_desc=Restaurants&find_loc=Manhattan%2C+NY&start=20,https://www.yelp.com/search?find_desc=Restaurants&find_loc=Manhattan%2C+NY&start=20
Barn Joo 35,Midtown West,"Korean, Gastropubs, Tapas/Small Plates",4.2,"allow Outdoor seating, allow Delivery, allow Takeout",Midtown West,$11-30,https://www.yelp.com/biz/barn-joo-35-new-york?osq=Restaurants,https://www.yelp.com/biz/xZ96vaoL-cQjfotmUKtjJQ?show_platform_modal=True,https://www.yelp.com/search?find_desc=Restaurants&find_loc=Manhattan%2C+NY&start=20
Au Za’atar,Midtown East,Lebanese,4.6,"allow Outdoor seating, allow Delivery, allow Takeout",,,https://www.yelp.com/biz/au-zaatar-new-york-5?osq=Restaurants,https://www.yelp.com/biz/krZunArZFdp_2G1arwVuVw?show_platform_modal=True,https://www.yelp.com/search?find_desc=Restaurants&find_loc=Manhattan%2C+NY&start=20
Bengal Tiger Indian Food,Midtown West,Indian,4.5,"not allow Outdoor seating, allow Delivery, allow Takeout",Midtown West,$11-30,https://www.yelp.com/biz/bengal-tiger-indian-food-new-york?osq=Restaurants,https://www.yelp.com/biz/x0k5kFArHLijdY8-NEQ7Xg?show_platform_modal=True,https://www.yelp.com/search?find_desc=Restaurants&find_loc=Manhattan%2C+NY&start=20
Amélie,Greenwich Village,"French, Wine Bars",4.3,"allow Outdoor seating, allow Delivery, allow Takeout",Greenwich Village,$31-60,https://www.yelp.com/biz/am%C3%A9lie-new-york?osq=Restaurants,https://www.yelp.com/search?find_desc=Restaurants&find_loc=Manhattan%2C+NY&start=20,https://www.yelp.com/search?find_desc=Restaurants&find_loc=Manhattan%2C+NY&start=20
Haswell Green’s,Theater District,"American (New), Cocktail Bars, Piano Bars",4.5,"allow Outdoor seating, not allow Delivery, allow Takeout",Theater District,$11-30,https://www.yelp.com/biz/haswell-greens-new-york-3?osq=Restaurants,https://www.yelp.com/search?find_desc=Restaurants&find_loc=Manhattan%2C+NY&start=20,https://www.yelp.com/search?find_desc=Restaurants&find_loc=Manhattan%2C+NY&start=20
Helen’s,Meatpacking District,"Asian Fusion, Cocktail Bars, Lounges",4.5,not allow Outdoor seating,Meatpacking District,$11-30,https://www.yelp.com/biz/helens-new-york?osq=Restaurants,https://www.yelp.com/reservations/helens-new-york,https://www.yelp.com/search?find_desc=Restaurants&find_loc=Manhattan%2C+NY&start=20
Haswell Green’s,Theater District,"American (New), Cocktail Bars, Piano Bars",4.5,"allow Outdoor seating, not allow Delivery, allow Takeout",Theater District,$11-30,https://www.yelp.com/biz/haswell-greens-new-york-3?osq=Restaurants,https://www.yelp.com/search?find_desc=Restaurants&find_loc=Manhattan%2C+NY&start=30,https://www.yelp.com/search?find_desc=Restaurants&find_loc=Manhattan%2C+NY&start=30
Helen’s,Meatpacking District,"Asian Fusion, Cocktail Bars, Lounges",4.5,not allow Outdoor seating,Meatpacking District,$11-30,https://www.yelp.com/biz/helens-new-york?osq=Restaurants,https://www.yelp.com/reservations/helens-new-york,https://www.yelp.com/search?find_desc=Restaurants&find_loc=Manhattan%2C+NY&start=30
Azule Cantina,Midtown West,"New Mexican Cuisine, Tacos",4.1,"allow Outdoor seating, allow Delivery, allow Takeout",,,https://www.yelp.com/biz/azule-cantina-new-york?osq=Restaurants,https://www.yelp.com/biz/RUsot7ERPbYA_wOKMlVpAQ?show_platform_modal=True,https://www.yelp.com/search?find_desc=Restaurants&find_loc=Manhattan%2C+NY&start=30
Vida Verde,Midtown West,"Cocktail Bars, Mexican, Venues & Event Spaces",4.3,"allow Outdoor seating, allow Delivery, allow Takeout",Midtown West,$11-30,https://www.yelp.com/biz/vida-verde-new-york?osq=Restaurants,https://www.yelp.com/biz/Xjswj531-FkRZPpcccU6kQ?show_platform_modal=True,https://www.yelp.com/search?find_desc=Restaurants&find_loc=Manhattan%2C+NY&start=30
Banter,West Village,"Breakfast & Brunch, Coffee & Tea, Acai Bowls",4.4,"allow Outdoor seating, allow Delivery, allow Takeout",West Village,$11-30,https://www.yelp.com/biz/banter-new-york-3?osq=Restaurants,https://www.yelp.com/biz/x8slUOJxMX2EJ0YUU0rrSg?show_platform_modal=True,https://www.yelp.com/search?find_desc=Restaurants&find_loc=Manhattan%2C+NY&start=30
Carla,Theater District,American (New),4.7,"allow Outdoor seating, allow Delivery, allow Takeout",Theater District,$11-30,https://www.yelp.com/biz/carla-new-york-2?osq=Restaurants,https://www.yelp.com/biz/Ig4LSE3TRPs5nSsfTgnniQ?show_platform_modal=True,https://www.yelp.com/search?find_desc=Restaurants&find_loc=Manhattan%2C+NY&start=30
Angelo’s Coal Oven Pizzeria,Midtown West,"Pizza, Italian",4.0,"allow Outdoor seating, allow Delivery, allow Takeout",Midtown West,$11-30,https://www.yelp.com/biz/angelos-coal-oven-pizzeria-new-york?osq=Restaurants,https://www.yelp.com/biz/tRIHhPKryUZ56SfIz6mLiA?show_platform_modal=True,https://www.yelp.com/search?find_desc=Restaurants&find_loc=Manhattan%2C+NY&start=30
Nan Xiang Xiao Long Bao - Manhattan,Koreatown,"Dim Sum, Desserts, Noodles",4.6,"not allow Outdoor seating, allow Delivery, allow Takeout",Koreatown,$11-30,https://www.yelp.com/biz/nan-xiang-xiao-long-bao-manhattan-new-york?osq=Restaurants,https://www.yelp.com/search?find_desc=Restaurants&find_loc=Manhattan%2C+NY&start=30,https://www.yelp.com/search?find_desc=Restaurants&find_loc=Manhattan%2C+NY&start=30
Raku,East Village,"Japanese, Noodles",4.4,"allow Outdoor seating, allow Delivery, allow Takeout",East Village,$11-30,https://www.yelp.com/biz/raku-new-york-7?osq=Restaurants,https://www.yelp.com/search?find_desc=Restaurants&find_loc=Manhattan%2C+NY&start=30,https://www.yelp.com/search?find_desc=Restaurants&find_loc=Manhattan%2C+NY&start=30
Carnegie Diner,Midtown West,"Burgers, Sandwiches, Breakfast & Brunch",3.9,"allow Outdoor seating, allow Delivery, allow Takeout",Midtown West,$11-30,https://www.yelp.com/biz/carnegie-diner-new-york?osq=Restaurants,https://www.yelp.com/reservations/carnegie-diner-new-york,https://www.yelp.com/search?find_desc=Restaurants&find_loc=Manhattan%2C+NY&start=30
53 NYC,Midtown West,"Asian Fusion, Bars, Seafood",4.2,"not allow Outdoor seating, allow Delivery, allow Takeout",,,https://www.yelp.com/biz/53-nyc-new-york?osq=Restaurants,https://www.yelp.com/search?find_desc=Restaurants&find_loc=Manhattan%2C+NY&start=40,https://www.yelp.com/search?find_desc=Restaurants&find_loc=Manhattan%2C+NY&start=40
La Pecora Bianca,Midtown West,"Bars, Italian, Breakfast & Brunch",4.1,"allow Delivery, allow Takeout",,,https://www.yelp.com/biz/la-pecora-bianca-new-york-6?osq=Restaurants,https://www.yelp.com/search?find_desc=Restaurants&find_loc=Manhattan%2C+NY&start=40,https://www.yelp.com/search?find_desc=Restaurants&find_loc=Manhattan%2C+NY&start=40
Bea,Midtown West,"American (New), Cocktail Bars",4.2,"allow Outdoor seating, not allow Delivery, allow Takeout",Midtown West,$11-30,https://www.yelp.com/biz/bea-new-york?osq=Restaurants,https://www.yelp.com/reservations/bea-new-york,https://www.yelp.com/search?find_desc=Restaurants&find_loc=Manhattan%2C+NY&start=40
Tatiana By Kwame Onwuachi,Upper West Side,"Caribbean, African",4.5,"not allow Outdoor seating, not allow Delivery, not allow Takeout",,,https://www.yelp.com/biz/tatiana-by-kwame-onwuachi-new-york-3?osq=Restaurants,https://www.yelp.com/search?find_desc=Restaurants&find_loc=Manhattan%2C+NY&start=40,https://www.yelp.com/search?find_desc=Restaurants&find_loc=Manhattan%2C+NY&start=40
Havana Central,Theater District,"Cuban, Latin American, Wine Bars",3.9,"allow Outdoor seating, allow Delivery, allow Takeout",Theater District,$11-30,https://www.yelp.com/biz/havana-central-new-york-6?osq=Restaurants,https://www.yelp.com/reservations/havana-central-new-york-6,https://www.yelp.com/search?find_desc=Restaurants&find_loc=Manhattan%2C+NY&start=40
Peachy Keen,Midtown West,"Desserts, Cocktail Bars, Breakfast & Brunch",4.3,"not allow Outdoor seating, allow Delivery, allow Takeout",Midtown West,$11-30,https://www.yelp.com/biz/peachy-keen-new-york?osq=Restaurants,https://www.yelp.com/biz/AsN3B_FjIDxjISs9K_d_ZQ?show_platform_modal=True,https://www.yelp.com/search?find_desc=Restaurants&find_loc=Manhattan%2C+NY&start=40
Trattoria Trecolori,Theater District,Italian,4.1,"not allow Outdoor seating, allow Delivery, allow Takeout",Theater District,$11-30,https://www.yelp.com/biz/trattoria-trecolori-new-york?osq=Restaurants,https://www.yelp.com/biz/DoSU8IPq-Py_YV3kYmXPfQ?show_platform_modal=True,https://www.yelp.com/search?find_desc=Restaurants&find_loc=Manhattan%2C+NY&start=40
Dim Sum Palace,Midtown West,"Dim Sum, Seafood, Cantonese",4.0,"allow Outdoor seating, allow Delivery, allow Takeout",Midtown West,$11-30,https://www.yelp.com/biz/dim-sum-palace-new-york-7?osq=Restaurants,https://www.yelp.com/biz/-lgNzAEyFr8LCTuBTWnAMg?show_platform_modal=True,https://www.yelp.com/search?find_desc=Restaurants&find_loc=Manhattan%2C+NY&start=40
Seamore’s  Market Bar,Theater District,"Seafood, Tacos, Cocktail Bars",4.8,"allow Outdoor seating, allow Delivery, allow Takeout",Theater District,$11-30,https://www.yelp.com/biz/seamores-market-bar-new-york-3?osq=Restaurants,https://www.yelp.com/biz/8zDdTqBIxXNcEFY63C8rWQ?show_platform_modal=True,https://www.yelp.com/search?find_desc=Restaurants&find_loc=Manhattan%2C+NY&start=40
Tavola,Midtown West,"Italian, Pizza, Wine Bars",4.1,"not allow Outdoor seating, allow Delivery, allow Takeout",Midtown West,$11-30,https://www.yelp.com/biz/tavola-new-york?osq=Restaurants,https://www.yelp.com/reservations/tavola-new-york,https://www.yelp.com/search?find_desc=Restaurants&find_loc=Manhattan%2C+NY&start=40
Joe’s Shanghai,Chinatown,"Shanghainese, Seafood, Noodles",3.8,"not allow Outdoor seating, allow Delivery, allow Takeout",Chinatown,$11-30,https://www.yelp.com/biz/joes-shanghai-new-york-2?osq=Restaurants,https://www.yelp.com/biz/0CjK3esfpFcxIopebzjFxA?show_platform_modal=True,https://www.yelp.com/search?find_desc=Restaurants&find_loc=Manhattan%2C+NY&start=50
Jack’s Wife Freda,Chelsea,"Breakfast & Brunch, Desserts, Sandwiches",3.9,"allow Outdoor seating, allow Delivery, allow Takeout",Chelsea,$11-30,https://www.yelp.com/biz/jacks-wife-freda-new-york-4?osq=Restaurants,https://www.yelp.com/search?find_desc=Restaurants&find_loc=Manhattan%2C+NY&start=50,https://www.yelp.com/search?find_desc=Restaurants&find_loc=Manhattan%2C+NY&start=50
Frying Pan,,"Bars, Seafood",3.8,"allow Outdoor seating, not allow Delivery, not allow Takeout",,$11-30,https://www.yelp.com/biz/frying-pan-new-york?osq=Restaurants,https://www.yelp.com/search?find_desc=Restaurants&find_loc=Manhattan%2C+NY&start=50,https://www.yelp.com/search?find_desc=Restaurants&find_loc=Manhattan%2C+NY&start=50
Zen Ramen & Sushi,Midtown West,"Sushi Bars, Ramen, Salad",4.5,"allow Outdoor seating, allow Delivery, allow Takeout",Midtown West,$11-30,https://www.yelp.com/biz/zen-ramen-and-sushi-new-york?osq=Restaurants,https://www.yelp.com/biz/mESab-FqL5QqSVsnX72asQ?show_platform_modal=True,https://www.yelp.com/search?find_desc=Restaurants&find_loc=Manhattan%2C+NY&start=50
Buvette,West Village,"French, Wine Bars, Cocktail Bars",4.0,"allow Outdoor seating, allow Delivery, allow Takeout",West Village,$11-30,https://www.yelp.com/biz/buvette-new-york?osq=Restaurants,https://www.yelp.com/search?find_desc=Restaurants&find_loc=Manhattan%2C+NY&start=50,https://www.yelp.com/search?find_desc=Restaurants&find_loc=Manhattan%2C+NY&start=50
Osteria Delbianco,Midtown East,Italian,4.6,"allow Outdoor seating, allow Delivery, allow Takeout",Midtown East,$31-60,https://www.yelp.com/biz/osteria-delbianco-new-york?osq=Restaurants,https://www.yelp.com/reservations/osteria-delbianco-new-york,https://www.yelp.com/search?find_desc=Restaurants&find_loc=Manhattan%2C+NY&start=50
Kaoru,Midtown East,Japanese,4.3,"allow Outdoor seating, allow Delivery, allow Takeout",Midtown East,$11-30,https://www.yelp.com/biz/kaoru-new-york?osq=Restaurants,https://www.yelp.com/biz/diz6_4TVSP6EdWEZCZ0Acg?show_platform_modal=True,https://www.yelp.com/search?find_desc=Restaurants&find_loc=Manhattan%2C+NY&start=50
Souvlaki GR Midtown,Midtown West,Greek,4.0,"allow Outdoor seating, allow Delivery, allow Takeout",Midtown West,$11-30,https://www.yelp.com/biz/souvlaki-gr-midtown-new-york-3?osq=Restaurants,https://www.yelp.com/biz/oY-tooKEm8F-6Il1JOQzKg?show_platform_modal=True,https://www.yelp.com/search?find_desc=Restaurants&find_loc=Manhattan%2C+NY&start=50
ICHIRAN - Times Square,Theater District,"Ramen, Noodles, Desserts",4.4,"not allow Outdoor seating, allow Delivery, allow Takeout",Theater District,$11-30,https://www.yelp.com/biz/ichiran-times-square-new-york-4?osq=Restaurants,https://www.yelp.com/biz/3eBV6HwWcdHzJW3sUH-2hw?show_platform_modal=True,https://www.yelp.com/search?find_desc=Restaurants&find_loc=Manhattan%2C+NY&start=50
PizzArte,Midtown West,"Pizza, Italian, Gluten-Free",4.1,"allow Outdoor seating, allow Delivery, allow Takeout",Midtown West,$11-30,https://www.yelp.com/biz/pizzarte-new-york?osq=Restaurants,https://www.yelp.com/biz/xsQTIeq-WLkp4ParkTQpMQ?show_platform_modal=True,https://www.yelp.com/search?find_desc=Restaurants&find_loc=Manhattan%2C+NY&start=50
Pavé,Midtown West,"Bakeries, Coffee & Tea, Sandwiches",4.8,"not allow Outdoor seating, allow Delivery, allow Takeout",,,https://www.yelp.com/biz/pav%C3%A9-new-york?osq=Restaurants,https://www.yelp.com/biz/sxIBSze1YOdC-FBiIU2q3A?show_platform_modal=True,https://www.yelp.com/search?find_desc=Restaurants&find_loc=Manhattan%2C+NY&start=60
BLACKBARN,Flatiron,"American (New), Venues & Event Spaces",3.8,"allow Outdoor seating, not allow Delivery, not allow Takeout",Flatiron,$31-60,https://www.yelp.com/biz/blackbarn-new-york?osq=Restaurants,https://www.yelp.com/search?find_desc=Restaurants&find_loc=Manhattan%2C+NY&start=60,https://www.yelp.com/search?find_desc=Restaurants&find_loc=Manhattan%2C+NY&start=60
dhom,East Village,Laotian,4.2,"allow Outdoor seating, allow Delivery, allow Takeout",,,https://www.yelp.com/biz/dhom-new-york?osq=Restaurants,https://www.yelp.com/biz/lNZzwmJ4VAFX_4TyO_PNUw?show_platform_modal=True,https://www.yelp.com/search?find_desc=Restaurants&find_loc=Manhattan%2C+NY&start=60
Scarpetta,Flatiron,"Italian, Bars, Desserts",4.1,"allow Outdoor seating, not allow Delivery, allow Takeout",Flatiron,$31-60,https://www.yelp.com/biz/scarpetta-new-york?osq=Restaurants,https://www.yelp.com/search?find_desc=Restaurants&find_loc=Manhattan%2C+NY&start=60,https://www.yelp.com/search?find_desc=Restaurants&find_loc=Manhattan%2C+NY&start=60
Chalong,Hell's Kitchen,Thai,4.6,"allow Delivery, allow Takeout",,,https://www.yelp.com/biz/chalong-new-york?osq=Restaurants,https://www.yelp.com/biz/AHrU1F123QPdVPTCnsy_xA?show_platform_modal=True,https://www.yelp.com/search?find_desc=Restaurants&find_loc=Manhattan%2C+NY&start=60
Joe’s Shanghai,Chinatown,"Shanghainese, Seafood, Noodles",3.8,"not allow Outdoor seating, allow Delivery, allow Takeout",Chinatown,$11-30,https://www.yelp.com/biz/joes-shanghai-new-york-2?osq=Restaurants,https://www.yelp.com/biz/0CjK3esfpFcxIopebzjFxA?show_platform_modal=True,https://www.yelp.com/search?find_desc=Restaurants&find_loc=Manhattan%2C+NY&start=60
Jack’s Wife Freda,Chelsea,"Breakfast & Brunch, Desserts, Sandwiches",3.9,"allow Outdoor seating, allow Delivery, allow Takeout",Chelsea,$11-30,https://www.yelp.com/biz/jacks-wife-freda-new-york-4?osq=Restaurants,https://www.yelp.com/search?find_desc=Restaurants&find_loc=Manhattan%2C+NY&start=60,https://www.yelp.com/search?find_desc=Restaurants&find_loc=Manhattan%2C+NY&start=60
Frying Pan,,"Bars, Seafood",3.8,"allow Outdoor seating, not allow Delivery, not allow Takeout",,$11-30,https://www.yelp.com/biz/frying-pan-new-york?osq=Restaurants,https://www.yelp.com/search?find_desc=Restaurants&find_loc=Manhattan%2C+NY&start=60,https://www.yelp.com/search?find_desc=Restaurants&find_loc=Manhattan%2C+NY&start=60
Zen Ramen & Sushi,Midtown West,"Sushi Bars, Ramen, Salad",4.5,"allow Outdoor seating, allow Delivery, allow Takeout",Midtown West,$11-30,https://www.yelp.com/biz/zen-ramen-and-sushi-new-york?osq=Restaurants,https://www.yelp.com/biz/mESab-FqL5QqSVsnX72asQ?show_platform_modal=True,https://www.yelp.com/search?find_desc=Restaurants&find_loc=Manhattan%2C+NY&start=60
Mala Project,Midtown West,"Dim Sum, Szechuan",3.9,"allow Outdoor seating, allow Delivery, allow Takeout",Midtown West,$11-30,https://www.yelp.com/biz/mala-project-new-york-4?osq=Restaurants,https://www.yelp.com/biz/s5JNxy0eAFgxS2Poi73ODw?show_platform_modal=True,https://www.yelp.com/search?find_desc=Restaurants&find_loc=Manhattan%2C+NY&start=60
Chamoun’s Way,Upper East Side,"Mediterranean, Lebanese",4.9,"allow Outdoor seating, allow Delivery, allow Takeout",Upper East Side,$11-30,https://www.yelp.com/biz/chamoun-s-way-new-york-6?osq=Restaurants,https://www.yelp.com/biz/6ii5cphr65vt6zrP9N5RVg?show_platform_modal=True,https://www.yelp.com/search?find_desc=Restaurants&find_loc=Manhattan%2C+NY&start=70
Kaoru,Midtown East,Japanese,4.3,"allow Outdoor seating, allow Delivery, allow Takeout",Midtown East,$11-30,https://www.yelp.com/biz/kaoru-new-york?osq=Restaurants,https://www.yelp.com/biz/diz6_4TVSP6EdWEZCZ0Acg?show_platform_modal=True,https://www.yelp.com/search?find_desc=Restaurants&find_loc=Manhattan%2C+NY&start=70
Momofuku Noodle Bar - Uptown,Hell's Kitchen,"American (New), Noodles, Ramen",4.0,"not allow Outdoor seating, allow Delivery, allow Takeout",Hell's Kitchen,$11-30,https://www.yelp.com/biz/momofuku-noodle-bar-uptown-new-york?osq=Restaurants,https://www.yelp.com/search?find_desc=Restaurants&find_loc=Manhattan%2C+NY&start=70,https://www.yelp.com/search?find_desc=Restaurants&find_loc=Manhattan%2C+NY&start=70
Souvlaki GR Midtown,Midtown West,Greek,4.0,"allow Outdoor seating, allow Delivery, allow Takeout",Midtown West,$11-30,https://www.yelp.com/biz/souvlaki-gr-midtown-new-york-3?osq=Restaurants,https://www.yelp.com/biz/oY-tooKEm8F-6Il1JOQzKg?show_platform_modal=True,https://www.yelp.com/search?find_desc=Restaurants&find_loc=Manhattan%2C+NY&start=70
ICHIRAN - Times Square,Theater District,"Ramen, Noodles, Desserts",4.4,"not allow Outdoor seating, allow Delivery, allow Takeout",Theater District,$11-30,https://www.yelp.com/biz/ichiran-times-square-new-york-4?osq=Restaurants,https://www.yelp.com/biz/3eBV6HwWcdHzJW3sUH-2hw?show_platform_modal=True,https://www.yelp.com/search?find_desc=Restaurants&find_loc=Manhattan%2C+NY&start=70
PizzArte,Midtown West,"Pizza, Italian, Gluten-Free",4.1,"allow Outdoor seating, allow Delivery, allow Takeout",Midtown West,$11-30,https://www.yelp.com/biz/pizzarte-new-york?osq=Restaurants,https://www.yelp.com/biz/xsQTIeq-WLkp4ParkTQpMQ?show_platform_modal=True,https://www.yelp.com/search?find_desc=Restaurants&find_loc=Manhattan%2C+NY&start=70
Donburiya,Midtown West,"Japanese, Seafood, Desserts",3.8,"allow Outdoor seating, allow Delivery, allow Takeout",Midtown West,$11-30,https://www.yelp.com/biz/donburiya-new-york-2?osq=Restaurants,https://www.yelp.com/biz/VzstANC68PM1BbyOcDXEtw?show_platform_modal=True,https://www.yelp.com/search?find_desc=Restaurants&find_loc=Manhattan%2C+NY&start=70
Los Tacos No.1,Theater District,Tacos,4.7,"allow Delivery, allow Takeout",Theater District,$11-30,https://www.yelp.com/biz/los-tacos-no-1-new-york-3?osq=Restaurants,https://www.yelp.com/search?find_desc=Restaurants&find_loc=Manhattan%2C+NY&start=70,https://www.yelp.com/search?find_desc=Restaurants&find_loc=Manhattan%2C+NY&start=70
Five Acres,Midtown West,American (New),4.0,,,,https://www.yelp.com/biz/five-acres-new-york?osq=Restaurants,https://www.yelp.com/search?find_desc=Restaurants&find_loc=Manhattan%2C+NY&start=70,https://www.yelp.com/search?find_desc=Restaurants&find_loc=Manhattan%2C+NY&start=70
Monkey Bar,Midtown East,"American (Traditional), Bars",4.2,"not allow Outdoor seating, allow Takeout",,,https://www.yelp.com/biz/monkey-bar-new-york-4?osq=Restaurants,https://www.yelp.com/search?find_desc=Restaurants&find_loc=Manhattan%2C+NY&start=70,https://www.yelp.com/search?find_desc=Restaurants&find_loc=Manhattan%2C+NY&start=70
Five Acres,Midtown West,American (New),4.0,,,,https://www.yelp.com/biz/five-acres-new-york?osq=Restaurants,https://www.yelp.com/search?find_desc=Restaurants&find_loc=Manhattan%2C+NY&start=80,https://www.yelp.com/search?find_desc=Restaurants&find_loc=Manhattan%2C+NY&start=80
Monkey Bar,Midtown East,"American (Traditional), Bars",4.2,"not allow Outdoor seating, allow Takeout",,,https://www.yelp.com/biz/monkey-bar-new-york-4?osq=Restaurants,https://www.yelp.com/search?find_desc=Restaurants&find_loc=Manhattan%2C+NY&start=80,https://www.yelp.com/search?find_desc=Restaurants&find_loc=Manhattan%2C+NY&start=80
Westville,Hell's Kitchen,"American (New), Salad, Cocktail Bars",4.4,"allow Outdoor seating, allow Delivery, allow Takeout",Hell's Kitchen,$11-30,https://www.yelp.com/biz/westville-ny-4?osq=Restaurants,https://www.yelp.com/biz/0moBSyrTezcT3uePV74nug?show_platform_modal=True,https://www.yelp.com/search?find_desc=Restaurants&find_loc=Manhattan%2C+NY&start=80
Fig & Olive,Midtown East,"Mediterranean, French, Bars",3.6,"not allow Outdoor seating, allow Delivery, allow Takeout",Midtown East,$31-60,https://www.yelp.com/biz/fig-and-olive-new-york-10?osq=Restaurants,https://www.yelp.com/biz/FON3TceJNsTC0I0mzBwOKg?show_platform_modal=True,https://www.yelp.com/search?find_desc=Restaurants&find_loc=Manhattan%2C+NY&start=80
The Bar Room,Upper East Side,"American (New), Cocktail Bars",4.0,"allow Outdoor seating, allow Delivery, allow Takeout",Upper East Side,$11-30,https://www.yelp.com/biz/the-bar-room-new-york?osq=Restaurants,https://www.yelp.com/biz/MyQV4i518ZO4CLudtR8gLA?show_platform_modal=True,https://www.yelp.com/search?find_desc=Restaurants&find_loc=Manhattan%2C+NY&start=80
La Pecora Bianca,Flatiron,Italian,4.0,"allow Outdoor seating, allow Delivery, allow Takeout",Flatiron,$31-60,https://www.yelp.com/biz/la-pecora-bianca-new-york?osq=Restaurants,https://www.yelp.com/search?find_desc=Restaurants&find_loc=Manhattan%2C+NY&start=80,https://www.yelp.com/search?find_desc=Restaurants&find_loc=Manhattan%2C+NY&start=80
Fish Cheeks,NoHo,"Seafood, Thai, Live/Raw Food",4.4,"allow Outdoor seating, allow Delivery, allow Takeout",NoHo,$11-30,https://www.yelp.com/biz/fish-cheeks-new-york?osq=Restaurants,https://www.yelp.com/biz/WJS06XxRdc6DD1s4LWE9HA?show_platform_modal=True,https://www.yelp.com/search?find_desc=Restaurants&find_loc=Manhattan%2C+NY&start=80
Empellón,Midtown East,"Mexican, Cocktail Bars, Desserts",3.9,"allow Outdoor seating, allow Delivery, not allow Takeout",Midtown East,$31-60,https://www.yelp.com/biz/empell%C3%B3n-new-york-3?osq=Restaurants,https://www.yelp.com/search?find_desc=Restaurants&find_loc=Manhattan%2C+NY&start=80,https://www.yelp.com/search?find_desc=Restaurants&find_loc=Manhattan%2C+NY&start=80
Shinjuku Ramen,Midtown West,Ramen,4.4,"not allow Outdoor seating, allow Delivery, allow Takeout",Midtown West,$11-30,https://www.yelp.com/biz/shinjuku-ramen-new-york-2?osq=Restaurants,https://www.yelp.com/biz/00knD0qT1obuq3cJ-lWcIw?show_platform_modal=True,https://www.yelp.com/search?find_desc=Restaurants&find_loc=Manhattan%2C+NY&start=80
Kin Ramen,Midtown West,"Ramen, Izakaya",4.7,"not allow Outdoor seating, allow Delivery, allow Takeout",Midtown West,$11-30,https://www.yelp.com/biz/kin-ramen-new-york?osq=Restaurants,https://www.yelp.com/biz/lSKEPxxTYxCN9oi6CXRmcQ?show_platform_modal=True,https://www.yelp.com/search?find_desc=Restaurants&find_loc=Manhattan%2C+NY&start=80
TomoTomo,Theater District,"Ramen, Breakfast & Brunch, Seafood",4.7,"allow Delivery, allow Takeout",,,https://www.yelp.com/biz/tomotomo-new-york-3?osq=Restaurants,https://www.yelp.com/biz/l5ljyjseOlWnvIVEXx0LxA?show_platform_modal=True,https://www.yelp.com/search?find_desc=Restaurants&find_loc=Manhattan%2C+NY&start=90
Raku,South Village,"Japanese, Noodles",4.6,"allow Outdoor seating, allow Delivery, allow Takeout",South Village,$11-30,https://www.yelp.com/biz/raku-new-york-6?osq=Restaurants,https://www.yelp.com/search?find_desc=Restaurants&find_loc=Manhattan%2C+NY&start=90,https://www.yelp.com/search?find_desc=Restaurants&find_loc=Manhattan%2C+NY&start=90
NARO,Midtown West,Korean,4.3,"not allow Outdoor seating, not allow Delivery, not allow Takeout",Midtown West,over $61,https://www.yelp.com/biz/naro-new-york?osq=Restaurants,https://www.yelp.com/search?find_desc=Restaurants&find_loc=Manhattan%2C+NY&start=90,https://www.yelp.com/search?find_desc=Restaurants&find_loc=Manhattan%2C+NY&start=90
Artesano Peruvian Cuisine,Civic Center,"Peruvian, Bars",4.4,not allow Outdoor seating,,,https://www.yelp.com/biz/artesano-peruvian-cuisine-new-york?osq=Restaurants,https://www.yelp.com/reservations/artesano-peruvian-cuisine-new-york,https://www.yelp.com/search?find_desc=Restaurants&find_loc=Manhattan%2C+NY&start=90
Two Hands,TriBeCa,"Breakfast & Brunch, Cafes, American (New)",3.8,"allow Outdoor seating, allow Delivery, allow Takeout",TriBeCa,$11-30,https://www.yelp.com/biz/two-hands-new-york-4?osq=Restaurants,https://www.yelp.com/biz/3cC6UcOj_-FMXRBYlsXFzA?show_platform_modal=True,https://www.yelp.com/search?find_desc=Restaurants&find_loc=Manhattan%2C+NY&start=90
Debajo,Flatiron,"Tapas Bars, Spanish, Tapas/Small Plates",4.5,"allow Outdoor seating, allow Takeout",,,https://www.yelp.com/biz/debajo-new-york-2?osq=Restaurants,https://www.yelp.com/search?find_desc=Restaurants&find_loc=Manhattan%2C+NY&start=90,https://www.yelp.com/search?find_desc=Restaurants&find_loc=Manhattan%2C+NY&start=90
Sip and Co,Midtown West,"Cafes, Coffee & Tea, Desserts",4.5,"allow Outdoor seating, allow Delivery, allow Takeout",Midtown West,$11-30,https://www.yelp.com/biz/sip-and-co-new-york?osq=Restaurants,https://www.yelp.com/search?find_desc=Restaurants&find_loc=Manhattan%2C+NY&start=90,https://www.yelp.com/search?find_desc=Restaurants&find_loc=Manhattan%2C+NY&start=90
Urbanspace Vanderbilt,Midtown East,Food Court,4.2,"not allow Outdoor seating, allow Delivery, allow Takeout",Midtown East,$11-30,https://www.yelp.com/biz/urbanspace-vanderbilt-new-york-3?osq=Restaurants,https://www.yelp.com/search?find_desc=Restaurants&find_loc=Manhattan%2C+NY&start=90,https://www.yelp.com/search?find_desc=Restaurants&find_loc=Manhattan%2C+NY&start=90
Sagaponack,Flatiron,"Bars, Seafood, Asian Fusion",4.7,"not allow Outdoor seating, allow Delivery, allow Takeout",Flatiron,$31-60,https://www.yelp.com/biz/sagaponack-new-york-6?osq=Restaurants,https://www.yelp.com/search?find_desc=Restaurants&find_loc=Manhattan%2C+NY&start=90,https://www.yelp.com/search?find_desc=Restaurants&find_loc=Manhattan%2C+NY&start=90
Westville,Chelsea,"American (New), Salad",4.0,"allow Delivery, allow Takeout",Chelsea,$11-30,https://www.yelp.com/biz/westville-new-york-11?osq=Restaurants,https://www.yelp.com/biz/MctQwL9Mp5X7DJk13VoERg?show_platform_modal=True,https://www.yelp.com/search?find_desc=Restaurants&find_loc=Manhattan%2C+NY&start=90
Benemon,East Village,"Japanese, Tapas/Small Plates, Cocktail Bars",4.3,"allow Outdoor seating, allow Delivery, allow Takeout",East Village,$11-30,https://www.yelp.com/biz/benemon-new-york?osq=Restaurants,https://www.yelp.com/biz/axqp3pGJXnTLgq2QrPyDyQ?show_platform_modal=True,https://www.yelp.com/search?find_desc=Restaurants&find_loc=Manhattan%2C+NY&start=100
Quality Bistro,Midtown West,"French, Steakhouses, American (New)",4.2,"allow Outdoor seating, not allow Delivery, allow Takeout",Midtown West,over $61,https://www.yelp.com/biz/quality-bistro-new-york-3?osq=Restaurants,https://www.yelp.com/search?find_desc=Restaurants&find_loc=Manhattan%2C+NY&start=100,https://www.yelp.com/search?find_desc=Restaurants&find_loc=Manhattan%2C+NY&start=100
The Cabin NYC,East Village,"American (New), Cocktail Bars, Breakfast & Brunch",3.9,"allow Outdoor seating, allow Delivery, allow Takeout",East Village,$11-30,https://www.yelp.com/biz/the-cabin-nyc-new-york-2?osq=Restaurants,https://www.yelp.com/reservations/the-cabin-nyc-new-york-2,https://www.yelp.com/search?find_desc=Restaurants&find_loc=Manhattan%2C+NY&start=100
JeJu Noodle Bar,West Village,"Korean, Noodles, Wine Bars",4.2,"not allow Outdoor seating, not allow Delivery, not allow Takeout",West Village,$11-30,https://www.yelp.com/biz/jeju-noodle-bar-new-york?osq=Restaurants,https://www.yelp.com/search?find_desc=Restaurants&find_loc=Manhattan%2C+NY&start=100,https://www.yelp.com/search?find_desc=Restaurants&find_loc=Manhattan%2C+NY&start=100
Gramercy Tavern,Flatiron,American (New),4.4,"allow Outdoor seating, not allow Delivery, allow Takeout",Flatiron,over $61,https://www.yelp.com/biz/gramercy-tavern-new-york?osq=Restaurants,https://www.yelp.com/search?find_desc=Restaurants&find_loc=Manhattan%2C+NY&start=100,https://www.yelp.com/search?find_desc=Restaurants&find_loc=Manhattan%2C+NY&start=100
The Four Horsemen,Williamsburg - South Side,"Wine Bars, American (New)",4.4,"allow Outdoor seating, allow Delivery, allow Takeout",Williamsburg - South Side,$11-30,https://www.yelp.com/biz/the-four-horsemen-brooklyn?osq=Restaurants,https://www.yelp.com/search?find_desc=Restaurants&find_loc=Manhattan%2C+NY&start=100,https://www.yelp.com/search?find_desc=Restaurants&find_loc=Manhattan%2C+NY&start=100
Whitmans Hudson Yards,Chelsea,"Burgers, Desserts, American (New)",3.8,"allow Outdoor seating, allow Delivery, allow Takeout",Chelsea,$11-30,https://www.yelp.com/biz/whitmans-hudson-yards-new-york?osq=Restaurants,https://www.yelp.com/search?find_desc=Restaurants&find_loc=Manhattan%2C+NY&start=100,https://www.yelp.com/search?find_desc=Restaurants&find_loc=Manhattan%2C+NY&start=100
Nyonya,Little Italy,"Malaysian, Chinese",3.9,"not allow Outdoor seating, allow Delivery, allow Takeout",Little Italy,$11-30,https://www.yelp.com/biz/nyonya-new-york?osq=Restaurants,https://www.yelp.com/biz/M-odQWSEfsR2mVEw7nKG-g?show_platform_modal=True,https://www.yelp.com/search?find_desc=Restaurants&find_loc=Manhattan%2C+NY&start=100
Balthazar,SoHo,"French, Breakfast & Brunch",3.9,"allow Outdoor seating, allow Delivery, allow Takeout",SoHo,$31-60,https://www.yelp.com/biz/balthazar-new-york-2?osq=Restaurants,https://www.yelp.com/search?find_desc=Restaurants&find_loc=Manhattan%2C+NY&start=100,https://www.yelp.com/search?find_desc=Restaurants&find_loc=Manhattan%2C+NY&start=100
The Penrose,Yorkville,"American (New), Bars, Breakfast & Brunch",3.9,"allow Outdoor seating, allow Delivery, allow Takeout",Yorkville,$11-30,https://www.yelp.com/biz/the-penrose-new-york?osq=Restaurants,https://www.yelp.com/biz/mWS4umRg2AyykyAClMrIRw?show_platform_modal=True,https://www.yelp.com/search?find_desc=Restaurants&find_loc=Manhattan%2C+NY&start=100
Gramercy Tavern,Flatiron,American (New),4.4,"allow Outdoor seating, not allow Delivery, allow Takeout",Flatiron,over $61,https://www.yelp.com/biz/gramercy-tavern-new-york?osq=Restaurants,https://www.yelp.com/search?find_desc=Restaurants&find_loc=Manhattan%2C+NY&start=110,https://www.yelp.com/search?find_desc=Restaurants&find_loc=Manhattan%2C+NY&start=110
The Four Horsemen,Williamsburg - South Side,"Wine Bars, American (New)",4.4,"allow Outdoor seating, allow Delivery, allow Takeout",Williamsburg - South Side,$11-30,https://www.yelp.com/biz/the-four-horsemen-brooklyn?osq=Restaurants,https://www.yelp.com/search?find_desc=Restaurants&find_loc=Manhattan%2C+NY&start=110,https://www.yelp.com/search?find_desc=Restaurants&find_loc=Manhattan%2C+NY&start=110
Whitmans Hudson Yards,Chelsea,"Burgers, Desserts, American (New)",3.8,"allow Outdoor seating, allow Delivery, allow Takeout",Chelsea,$11-30,https://www.yelp.com/biz/whitmans-hudson-yards-new-york?osq=Restaurants,https://www.yelp.com/search?find_desc=Restaurants&find_loc=Manhattan%2C+NY&start=110,https://www.yelp.com/search?find_desc=Restaurants&find_loc=Manhattan%2C+NY&start=110
Nyonya,Little Italy,"Malaysian, Chinese",3.9,"not allow Outdoor seating, allow Delivery, allow Takeout",Little Italy,$11-30,https://www.yelp.com/biz/nyonya-new-york?osq=Restaurants,https://www.yelp.com/biz/M-odQWSEfsR2mVEw7nKG-g?show_platform_modal=True,https://www.yelp.com/search?find_desc=Restaurants&find_loc=Manhattan%2C+NY&start=110
Balthazar,SoHo,"French, Breakfast & Brunch",3.9,"allow Outdoor seating, allow Delivery, allow Takeout",SoHo,$31-60,https://www.yelp.com/biz/balthazar-new-york-2?osq=Restaurants,https://www.yelp.com/search?find_desc=Restaurants&find_loc=Manhattan%2C+NY&start=110,https://www.yelp.com/search?find_desc=Restaurants&find_loc=Manhattan%2C+NY&start=110
The Penrose,Yorkville,"American (New), Bars, Breakfast & Brunch",3.9,"allow Outdoor seating, allow Delivery, allow Takeout",Yorkville,$11-30,https://www.yelp.com/biz/the-penrose-new-york?osq=Restaurants,https://www.yelp.com/biz/mWS4umRg2AyykyAClMrIRw?show_platform_modal=True,https://www.yelp.com/search?find_desc=Restaurants&find_loc=Manhattan%2C+NY&start=110
Le Rock,Midtown West,"French, Desserts, Cocktail Bars",4.1,,,,https://www.yelp.com/biz/le-rock-new-york?osq=Restaurants,https://www.yelp.com/search?find_desc=Restaurants&find_loc=Manhattan%2C+NY&start=110,https://www.yelp.com/search?find_desc=Restaurants&find_loc=Manhattan%2C+NY&start=110
Giardino 54,Hell's Kitchen,"Wine Bars, Italian, Cocktail Bars",4.3,"allow Outdoor seating, allow Delivery, allow Takeout",Hell's Kitchen,$11-30,https://www.yelp.com/biz/giardino-54-new-york?osq=Restaurants,https://www.yelp.com/biz/HpxYBu1ARzOGvuUcLJe54g?show_platform_modal=True,https://www.yelp.com/search?find_desc=Restaurants&find_loc=Manhattan%2C+NY&start=110
7th Street Burger - Times Square,Midtown West,"Burgers, Beverage Store",4.4,"allow Outdoor seating, allow Delivery, allow Takeout",,,https://www.yelp.com/biz/7th-street-burger-times-square-new-york?osq=Restaurants,https://www.yelp.com/biz/VVYea3NzbklOyHEzSEavWw?show_platform_modal=True,https://www.yelp.com/search?find_desc=Restaurants&find_loc=Manhattan%2C+NY&start=110
Wah Fung No 1,Lower East Side,"Fast Food, Cantonese",4.5,not allow Outdoor seating,Lower East Side,below $10,https://www.yelp.com/biz/wah-fung-no-1-new-york-2?osq=Restaurants,https://www.yelp.com/search?find_desc=Restaurants&find_loc=Manhattan%2C+NY&start=110,https://www.yelp.com/search?find_desc=Restaurants&find_loc=Manhattan%2C+NY&start=110
Bites of Xi’an,Midtown West,"Chinese, Noodles",4.0,"not allow Outdoor seating, allow Delivery, allow Takeout",,,https://www.yelp.com/biz/bites-of-xian-new-york-2?osq=Restaurants,https://www.yelp.com/biz/xm_-5QZFzJidiUO--PgOYg?show_platform_modal=True,https://www.yelp.com/search?find_desc=Restaurants&find_loc=Manhattan%2C+NY&start=120
Hao Noodle Chelsea,Meatpacking District,"Chinese, Barbeque, Noodles",4.3,"allow Outdoor seating, allow Delivery, allow Takeout",Meatpacking District,$11-30,https://www.yelp.com/biz/hao-noodle-chelsea-new-york-7?osq=Restaurants,https://www.yelp.com/biz/pCfGgX0WxGASGM4-Yhr2Pw?show_platform_modal=True,https://www.yelp.com/search?find_desc=Restaurants&find_loc=Manhattan%2C+NY&start=120
Casa Limone,Midtown East,"Italian, Mediterranean",4.5,"not allow Outdoor seating, allow Delivery, allow Takeout",,,https://www.yelp.com/biz/casa-limone-new-york-2?osq=Restaurants,https://www.yelp.com/search?find_desc=Restaurants&find_loc=Manhattan%2C+NY&start=120,https://www.yelp.com/search?find_desc=Restaurants&find_loc=Manhattan%2C+NY&start=120
Thai Diner,Nolita,Thai,4.1,"allow Outdoor seating, allow Delivery, allow Takeout",Nolita,$11-30,https://www.yelp.com/biz/thai-diner-new-york?osq=Restaurants,https://www.yelp.com/search?find_desc=Restaurants&find_loc=Manhattan%2C+NY&start=120,https://www.yelp.com/search?find_desc=Restaurants&find_loc=Manhattan%2C+NY&start=120
Tsurutontan Udon Noodle Brasserie - Midtown,Midtown West,"Japanese, Noodles, Soup",3.7,"allow Delivery, allow Takeout",Midtown West,$11-30,https://www.yelp.com/biz/tsurutontan-udon-noodle-brasserie-midtown-new-york?osq=Restaurants,https://www.yelp.com/biz/DdoubmNfPNRi9xNmcQ64ug?show_platform_modal=True,https://www.yelp.com/search?find_desc=Restaurants&find_loc=Manhattan%2C+NY&start=120
Mabu Hong Kong Cafe,Chinatown,Chinese,3.5,,,,https://www.yelp.com/biz/mabu-hong-kong-cafe-new-york?osq=Restaurants,https://www.yelp.com/search?find_desc=Restaurants&find_loc=Manhattan%2C+NY&start=120,https://www.yelp.com/search?find_desc=Restaurants&find_loc=Manhattan%2C+NY&start=120
Sea Fire Grill,Midtown East,"Seafood, Steakhouses, Bars",4.5,"not allow Outdoor seating, allow Delivery, allow Takeout",Midtown East,$31-60,https://www.yelp.com/biz/sea-fire-grill-new-york?osq=Restaurants,https://www.yelp.com/search?find_desc=Restaurants&find_loc=Manhattan%2C+NY&start=120,https://www.yelp.com/search?find_desc=Restaurants&find_loc=Manhattan%2C+NY&start=120
Aragvi,Midtown East,"Georgian, Salad, Bars",4.6,"allow Outdoor seating, allow Delivery, allow Takeout",,,https://www.yelp.com/biz/aragvi-new-york?osq=Restaurants,https://www.yelp.com/biz/Lk3i0mZvzBBYts6BMOozDw?show_platform_modal=True,https://www.yelp.com/search?find_desc=Restaurants&find_loc=Manhattan%2C+NY&start=120
Four Four South Village,Midtown West,Taiwanese,4.3,"allow Delivery, allow Takeout",Midtown West,$11-30,https://www.yelp.com/biz/four-four-south-village-new-york-2?osq=Restaurants,https://www.yelp.com/biz/slMRh4GEu5Mg53kicgmf4g?show_platform_modal=True,https://www.yelp.com/search?find_desc=Restaurants&find_loc=Manhattan%2C+NY&start=120
Side Door,Midtown East,"Gastropubs, Sports Bars, American (New)",4.1,"not allow Outdoor seating, allow Delivery, allow Takeout",,,https://www.yelp.com/biz/side-door-new-york?osq=Restaurants,https://www.yelp.com/biz/J5XNBZyUwgNQjllwJZG3Lg?show_platform_modal=True,https://www.yelp.com/search?find_desc=Restaurants&find_loc=Manhattan%2C+NY&start=120
Ootoya Times Square,Theater District,"Sushi Bars, Hot Pot, Japanese Curry",4.0,"allow Outdoor seating, allow Delivery, allow Takeout",Theater District,$11-30,https://www.yelp.com/biz/ootoya-times-square-new-york-2?osq=Restaurants,https://www.yelp.com/biz/wjIyCBEpCG_HRp8veiI0YQ?show_platform_modal=True,https://www.yelp.com/search?find_desc=Restaurants&find_loc=Manhattan%2C+NY&start=130
Uluh,East Village,"Tea Rooms, Asian Fusion, Szechuan",4.4,"allow Outdoor seating, allow Delivery, allow Takeout",East Village,$31-60,https://www.yelp.com/biz/uluh-new-york?osq=Restaurants,https://www.yelp.com/biz/4FD0TAxe70nb3ngk3sXF9Q?show_platform_modal=True,https://www.yelp.com/search?find_desc=Restaurants&find_loc=Manhattan%2C+NY&start=130
Moono,Murray Hill,Korean,4.3,"not allow Outdoor seating, not allow Delivery, not allow Takeout",,,https://www.yelp.com/biz/moono-new-york?osq=Restaurants,https://www.yelp.com/search?find_desc=Restaurants&find_loc=Manhattan%2C+NY&start=130,https://www.yelp.com/search?find_desc=Restaurants&find_loc=Manhattan%2C+NY&start=130
Lillie’s Victorian Establishment,Theater District,"Bars, Gastropubs, Burgers",3.9,"allow Delivery, allow Takeout",Theater District,$11-30,https://www.yelp.com/biz/lillies-victorian-establishment-new-york-2?osq=Restaurants,https://www.yelp.com/search?find_desc=Restaurants&find_loc=Manhattan%2C+NY&start=130,https://www.yelp.com/search?find_desc=Restaurants&find_loc=Manhattan%2C+NY&start=130
5ive Spice,Kips Bay,"Vietnamese, Salad, Tacos",4.5,"allow Delivery, allow Takeout",Kips Bay,$11-30,https://www.yelp.com/biz/5ive-spice-new-york-4?osq=Restaurants,https://www.yelp.com/biz/ntiDPLkWm6GDLkYh0d2tBw?show_platform_modal=True,https://www.yelp.com/search?find_desc=Restaurants&find_loc=Manhattan%2C+NY&start=130
Bonsaii Tapas & Wine Bar,Midtown East,"Tapas Bars, Breakfast & Brunch, Wine Bars",4.4,"allow Outdoor seating, not allow Delivery, allow Takeout",Midtown East,$11-30,https://www.yelp.com/biz/bonsaii-tapas-and-wine-bar-new-york-2?osq=Restaurants,https://www.yelp.com/search?find_desc=Restaurants&find_loc=Manhattan%2C+NY&start=130,https://www.yelp.com/search?find_desc=Restaurants&find_loc=Manhattan%2C+NY&start=130
Avra Rockefeller Center,Theater District,"Greek, Mediterranean, Desserts",3.9,"allow Outdoor seating, not allow Delivery, not allow Takeout",,,https://www.yelp.com/biz/avra-rockefeller-center-new-york?osq=Restaurants,https://www.yelp.com/search?find_desc=Restaurants&find_loc=Manhattan%2C+NY&start=130,https://www.yelp.com/search?find_desc=Restaurants&find_loc=Manhattan%2C+NY&start=130
Sala Thai Restaurant,Upper West Side,Thai,4.5,"allow Outdoor seating, allow Delivery, allow Takeout",Upper West Side,$11-30,https://www.yelp.com/biz/sala-thai-restaurant-new-york-2?osq=Restaurants,https://www.yelp.com/biz/VoAuIReq_cPUrFwxbWqG_Q?show_platform_modal=True,https://www.yelp.com/search?find_desc=Restaurants&find_loc=Manhattan%2C+NY&start=130
Monsieur Vo,East Village,"Vietnamese, Asian Fusion",4.4,"not allow Outdoor seating, allow Delivery, allow Takeout",,,https://www.yelp.com/biz/monsieur-vo-new-york?osq=Restaurants,https://www.yelp.com/search?find_desc=Restaurants&find_loc=Manhattan%2C+NY&start=130,https://www.yelp.com/search?find_desc=Restaurants&find_loc=Manhattan%2C+NY&start=130
The Thonglor New York,Hell's Kitchen,Thai,4.6,"allow Outdoor seating, allow Delivery, allow Takeout",,,https://www.yelp.com/biz/the-thonglor-new-york-new-york?osq=Restaurants,https://www.yelp.com/biz/I8lfxFF6ZfwAYbWBIwRSsA?show_platform_modal=True,https://www.yelp.com/search?find_desc=Restaurants&find_loc=Manhattan%2C+NY&start=130
Ippudo Westside,Theater District,Ramen,4.2,"not allow Outdoor seating, allow Delivery, allow Takeout",Theater District,$11-30,https://www.yelp.com/biz/ippudo-westside-new-york?osq=Restaurants,https://www.yelp.com/search?find_desc=Restaurants&find_loc=Manhattan%2C+NY&start=140,https://www.yelp.com/search?find_desc=Restaurants&find_loc=Manhattan%2C+NY&start=140
Pio Pio 8,Hell's Kitchen,"Latin American, Peruvian",4.0,"allow Delivery, allow Takeout",Hell's Kitchen,$31-60,https://www.yelp.com/biz/pio-pio-8-new-york-5?osq=Restaurants,https://www.yelp.com/search?find_desc=Restaurants&find_loc=Manhattan%2C+NY&start=140,https://www.yelp.com/search?find_desc=Restaurants&find_loc=Manhattan%2C+NY&start=140
Monsieur Vo,East Village,"Vietnamese, Asian Fusion",4.4,"not allow Outdoor seating, allow Delivery, allow Takeout",,,https://www.yelp.com/biz/monsieur-vo-new-york?osq=Restaurants,https://www.yelp.com/search?find_desc=Restaurants&find_loc=Manhattan%2C+NY&start=140,https://www.yelp.com/search?find_desc=Restaurants&find_loc=Manhattan%2C+NY&start=140
The Thonglor New York,Hell's Kitchen,Thai,4.6,"allow Outdoor seating, allow Delivery, allow Takeout",,,https://www.yelp.com/biz/the-thonglor-new-york-new-york?osq=Restaurants,https://www.yelp.com/biz/I8lfxFF6ZfwAYbWBIwRSsA?show_platform_modal=True,https://www.yelp.com/search?find_desc=Restaurants&find_loc=Manhattan%2C+NY&start=140
While We Were Young,West Village,"American (New), Cocktail Bars",4.0,allow Outdoor seating,West Village,$11-30,https://www.yelp.com/biz/while-we-were-young-new-york?osq=Restaurants,https://www.yelp.com/search?find_desc=Restaurants&find_loc=Manhattan%2C+NY&start=140,https://www.yelp.com/search?find_desc=Restaurants&find_loc=Manhattan%2C+NY&start=140
Hatsuhana,Midtown East,"Japanese, Sushi Bars",4.2,"allow Delivery, allow Takeout",Midtown East,$31-60,https://www.yelp.com/biz/hatsuhana-new-york?osq=Restaurants,https://www.yelp.com/reservations/hatsuhana-new-york,https://www.yelp.com/search?find_desc=Restaurants&find_loc=Manhattan%2C+NY&start=140
Steak Freak,Theater District,"Food Trucks, Steakhouses",4.7,"not allow Outdoor seating, allow Delivery, allow Takeout",Theater District,below $10,https://www.yelp.com/biz/steak-freak-new-york?osq=Restaurants,https://www.yelp.com/search?find_desc=Restaurants&find_loc=Manhattan%2C+NY&start=140,https://www.yelp.com/search?find_desc=Restaurants&find_loc=Manhattan%2C+NY&start=140
Izakaya Toribar,Midtown East,"Tapas/Small Plates, Izakaya, Bars",4.1,"allow Outdoor seating, allow Delivery, allow Takeout",Midtown East,$11-30,https://www.yelp.com/biz/izakaya-toribar-new-york?osq=Restaurants,https://www.yelp.com/biz/wpT1QU7PSQgQQ1DkzI00JA?show_platform_modal=True,https://www.yelp.com/search?find_desc=Restaurants&find_loc=Manhattan%2C+NY&start=140
Prime Meat Rokko,Hell's Kitchen,Japanese,4.7,"not allow Outdoor seating, allow Delivery, allow Takeout",,,https://www.yelp.com/biz/prime-meat-rokko-new-york?osq=Restaurants,https://www.yelp.com/biz/dEbI8l8o9mevbRdjANzsng?show_platform_modal=True,https://www.yelp.com/search?find_desc=Restaurants&find_loc=Manhattan%2C+NY&start=140
The Grisly Pear,Theater District,"Sports Bars, Comedy Clubs, Burgers",4.5,"allow Delivery, allow Takeout",,,https://www.yelp.com/biz/the-grisly-pear-new-york-4?osq=Restaurants,https://www.yelp.com/biz/hqYxqGdWaAFef_gruLXdpQ?show_platform_modal=True,https://www.yelp.com/search?find_desc=Restaurants&find_loc=Manhattan%2C+NY&start=140
The Grisly Pear,Theater District,"Sports Bars, Comedy Clubs, Burgers",4.5,"allow Delivery, allow Takeout",,,https://www.yelp.com/biz/the-grisly-pear-new-york-4?osq=Restaurants,https://www.yelp.com/biz/hqYxqGdWaAFef_gruLXdpQ?show_platform_modal=True,https://www.yelp.com/search?find_desc=Restaurants&find_loc=Manhattan%2C+NY&start=150
Sabai Thai,Flatiron,"Thai, Cocktail Bars, Seafood",4.3,"allow Outdoor seating, allow Delivery, allow Takeout",Flatiron,$11-30,https://www.yelp.com/biz/sabai-thai-new-york-2?osq=Restaurants,https://www.yelp.com/search?find_desc=Restaurants&find_loc=Manhattan%2C+NY&start=150,https://www.yelp.com/search?find_desc=Restaurants&find_loc=Manhattan%2C+NY&start=150
Libertine,West Village,French,4.4,"not allow Delivery, not allow Takeout",,,https://www.yelp.com/biz/libertine-new-york-3?osq=Restaurants,https://www.yelp.com/search?find_desc=Restaurants&find_loc=Manhattan%2C+NY&start=150,https://www.yelp.com/search?find_desc=Restaurants&find_loc=Manhattan%2C+NY&start=150
Perrine,Upper East Side,"American (New), French",4.0,allow Takeout,Upper East Side,$31-60,https://www.yelp.com/biz/perrine-new-york-city?osq=Restaurants,https://www.yelp.com/search?find_desc=Restaurants&find_loc=Manhattan%2C+NY&start=150,https://www.yelp.com/search?find_desc=Restaurants&find_loc=Manhattan%2C+NY&start=150
Long Acre Tavern,Theater District,"Sports Bars, Pubs, Burgers",4.1,"allow Delivery, allow Takeout",Theater District,$11-30,https://www.yelp.com/biz/long-acre-tavern-new-york-3?osq=Restaurants,https://www.yelp.com/biz/EqraPrrv6gAedeVogvt8xw?show_platform_modal=True,https://www.yelp.com/search?find_desc=Restaurants&find_loc=Manhattan%2C+NY&start=150
KazuNori | Midtown East,Midtown East,"Sushi Bars, Japanese",4.5,"not allow Outdoor seating, allow Delivery, allow Takeout",,,https://www.yelp.com/biz/kazunori-midtown-east-new-york?osq=Restaurants,https://www.yelp.com/search?find_desc=Restaurants&find_loc=Manhattan%2C+NY&start=150,https://www.yelp.com/search?find_desc=Restaurants&find_loc=Manhattan%2C+NY&start=150
Liberty Bagels,Midtown East,"Bagels, Sandwiches, Breakfast & Brunch",4.2,"allow Outdoor seating, allow Delivery, allow Takeout",Midtown East,below $10,https://www.yelp.com/biz/liberty-bagels-new-york?osq=Restaurants,https://www.yelp.com/search?find_desc=Restaurants&find_loc=Manhattan%2C+NY&start=150,https://www.yelp.com/search?find_desc=Restaurants&find_loc=Manhattan%2C+NY&start=150
Sam Muk,Woodside,"Thai, Seafood",4.7,"not allow Outdoor seating, allow Delivery",,,https://www.yelp.com/biz/sam-muk-woodside?osq=Restaurants,https://www.yelp.com/search?find_desc=Restaurants&find_loc=Manhattan%2C+NY&start=150,https://www.yelp.com/search?find_desc=Restaurants&find_loc=Manhattan%2C+NY&start=150
Chama Mama,Chelsea,"Georgian, Wine Bars, Cocktail Bars",4.4,"not allow Outdoor seating, allow Delivery, allow Takeout",Chelsea,$11-30,https://www.yelp.com/biz/chama-mama-new-york?osq=Restaurants,https://www.yelp.com/biz/cTE0e96GYzet799EJeStoQ?show_platform_modal=True,https://www.yelp.com/search?find_desc=Restaurants&find_loc=Manhattan%2C+NY&start=150
Bice Cucina - Midtown,Midtown West,"Seafood, Bars, Italian",4.2,"allow Outdoor seating, allow Delivery, allow Takeout",,,https://www.yelp.com/biz/bice-cucina-midtown-new-york?osq=Restaurants,https://www.yelp.com/biz/qhyll2gPT-gGDRP6JGn1aQ?show_platform_modal=True,https://www.yelp.com/search?find_desc=Restaurants&find_loc=Manhattan%2C+NY&start=150
Bice Cucina - Midtown,Midtown West,"Seafood, Bars, Italian",4.2,"allow Outdoor seating, allow Delivery, allow Takeout",,,https://www.yelp.com/biz/bice-cucina-midtown-new-york?osq=Restaurants,https://www.yelp.com/biz/qhyll2gPT-gGDRP6JGn1aQ?show_platform_modal=True,https://www.yelp.com/search?find_desc=Restaurants&find_loc=Manhattan%2C+NY&start=160
Oldays,Flatiron,"Breakfast & Brunch, Comfort Food, Coffee & Tea",4.2,"allow Outdoor seating, allow Delivery, allow Takeout",Flatiron,$11-30,https://www.yelp.com/biz/oldays-new-york?osq=Restaurants,https://www.yelp.com/biz/PGIDfBgA-cXo5M_TgkUT2Q?show_platform_modal=True,https://www.yelp.com/search?find_desc=Restaurants&find_loc=Manhattan%2C+NY&start=160
Taru,Midtown West,"Japanese, Sushi Bars, Soup",4.5,"not allow Outdoor seating, not allow Delivery, allow Takeout",Midtown West,over $61,https://www.yelp.com/biz/taru-new-york?osq=Restaurants,https://www.yelp.com/search?find_desc=Restaurants&find_loc=Manhattan%2C+NY&start=160,https://www.yelp.com/search?find_desc=Restaurants&find_loc=Manhattan%2C+NY&start=160
Junior’s Restaurant & Bakery,Theater District,"American (Traditional), Desserts, Breakfast & Brunch",3.8,"allow Outdoor seating, allow Delivery, allow Takeout",Theater District,$11-30,https://www.yelp.com/biz/juniors-restaurant-and-bakery-new-york-3?osq=Restaurants,https://www.yelp.com/waitlist/juniors-restaurant-and-bakery-new-york-3?utm_medium=waitlist_search_action&utm_source=search,https://www.yelp.com/search?find_desc=Restaurants&find_loc=Manhattan%2C+NY&start=160
Woorijip,Koreatown,Korean,4.0,"not allow Outdoor seating, allow Takeout",Koreatown,$11-30,https://www.yelp.com/biz/woorijip-new-york-2?osq=Restaurants,https://www.yelp.com/search?find_desc=Restaurants&find_loc=Manhattan%2C+NY&start=160,https://www.yelp.com/search?find_desc=Restaurants&find_loc=Manhattan%2C+NY&start=160
Leitao,West Village,"Portuguese, Cocktail Bars, Beer, Wine & Spirits",4.7,"allow Outdoor seating, not allow Delivery, not allow Takeout",West Village,$31-60,https://www.yelp.com/biz/leitao-new-york-3?osq=Restaurants,https://www.yelp.com/search?find_desc=Restaurants&find_loc=Manhattan%2C+NY&start=160,https://www.yelp.com/search?find_desc=Restaurants&find_loc=Manhattan%2C+NY&start=160
Sweet Chick,Lower East Side,"Southern, Breakfast & Brunch, Chicken Shop",4.1,"allow Outdoor seating, allow Delivery, allow Takeout",Lower East Side,$11-30,https://www.yelp.com/biz/sweet-chick-new-york?osq=Restaurants,https://www.yelp.com/biz/8F81LrdFm6P5kkFpsw0n0w?show_platform_modal=True,https://www.yelp.com/search?find_desc=Restaurants&find_loc=Manhattan%2C+NY&start=160
Olle,Midtown East,Korean,4.4,,Midtown East,$31-60,https://www.yelp.com/biz/olle-new-york?osq=Restaurants,https://www.yelp.com/search?find_desc=Restaurants&find_loc=Manhattan%2C+NY&start=160,https://www.yelp.com/search?find_desc=Restaurants&find_loc=Manhattan%2C+NY&start=160
Silky Kitchen,Theater District,"Chinese, Salad, Noodles",4.4,"allow Outdoor seating, allow Delivery, allow Takeout",Theater District,$11-30,https://www.yelp.com/biz/silky-kitchen-new-york-5?osq=Restaurants,https://www.yelp.com/biz/8plXW6ZQI1awPu1scms3jQ?show_platform_modal=True,https://www.yelp.com/search?find_desc=Restaurants&find_loc=Manhattan%2C+NY&start=160
Sukhumvit 51,Midtown East,Thai,4.0,"allow Outdoor seating, allow Delivery, allow Takeout",Midtown East,$11-30,https://www.yelp.com/biz/sukhumvit-51-new-york?osq=Restaurants,https://www.yelp.com/biz/KHdYPT0jUnUGdHGaY73mxg?show_platform_modal=True,https://www.yelp.com/search?find_desc=Restaurants&find_loc=Manhattan%2C+NY&start=160
Bice Cucina - Midtown,Midtown West,"Seafood, Bars, Italian",4.2,"allow Outdoor seating, allow Delivery, allow Takeout",,,https://www.yelp.com/biz/bice-cucina-midtown-new-york?osq=Restaurants,https://www.yelp.com/biz/qhyll2gPT-gGDRP6JGn1aQ?show_platform_modal=True,https://www.yelp.com/search?find_desc=Restaurants&find_loc=Manhattan%2C+NY&start=170
Oldays,Flatiron,"Breakfast & Brunch, Comfort Food, Coffee & Tea",4.2,"allow Outdoor seating, allow Delivery, allow Takeout",Flatiron,$11-30,https://www.yelp.com/biz/oldays-new-york?osq=Restaurants,https://www.yelp.com/biz/PGIDfBgA-cXo5M_TgkUT2Q?show_platform_modal=True,https://www.yelp.com/search?find_desc=Restaurants&find_loc=Manhattan%2C+NY&start=170
Taru,Midtown West,"Japanese, Sushi Bars, Soup",4.5,"not allow Outdoor seating, not allow Delivery, allow Takeout",Midtown West,over $61,https://www.yelp.com/biz/taru-new-york?osq=Restaurants,https://www.yelp.com/search?find_desc=Restaurants&find_loc=Manhattan%2C+NY&start=170,https://www.yelp.com/search?find_desc=Restaurants&find_loc=Manhattan%2C+NY&start=170
Woorijip,Koreatown,Korean,4.0,"not allow Outdoor seating, allow Takeout",Koreatown,$11-30,https://www.yelp.com/biz/woorijip-new-york-2?osq=Restaurants,https://www.yelp.com/search?find_desc=Restaurants&find_loc=Manhattan%2C+NY&start=170,https://www.yelp.com/search?find_desc=Restaurants&find_loc=Manhattan%2C+NY&start=170
Leitao,West Village,"Portuguese, Cocktail Bars, Beer, Wine & Spirits",4.7,"allow Outdoor seating, not allow Delivery, not allow Takeout",West Village,$31-60,https://www.yelp.com/biz/leitao-new-york-3?osq=Restaurants,https://www.yelp.com/search?find_desc=Restaurants&find_loc=Manhattan%2C+NY&start=170,https://www.yelp.com/search?find_desc=Restaurants&find_loc=Manhattan%2C+NY&start=170
Sweet Chick,Lower East Side,"Southern, Breakfast & Brunch, Chicken Shop",4.1,"allow Outdoor seating, allow Delivery, allow Takeout",Lower East Side,$11-30,https://www.yelp.com/biz/sweet-chick-new-york?osq=Restaurants,https://www.yelp.com/biz/8F81LrdFm6P5kkFpsw0n0w?show_platform_modal=True,https://www.yelp.com/search?find_desc=Restaurants&find_loc=Manhattan%2C+NY&start=170
Olle,Midtown East,Korean,4.4,,Midtown East,$31-60,https://www.yelp.com/biz/olle-new-york?osq=Restaurants,https://www.yelp.com/search?find_desc=Restaurants&find_loc=Manhattan%2C+NY&start=170,https://www.yelp.com/search?find_desc=Restaurants&find_loc=Manhattan%2C+NY&start=170
Silky Kitchen,Theater District,"Chinese, Salad, Noodles",4.4,"allow Outdoor seating, allow Delivery, allow Takeout",Theater District,$11-30,https://www.yelp.com/biz/silky-kitchen-new-york-5?osq=Restaurants,https://www.yelp.com/biz/8plXW6ZQI1awPu1scms3jQ?show_platform_modal=True,https://www.yelp.com/search?find_desc=Restaurants&find_loc=Manhattan%2C+NY&start=170
Sukhumvit 51,Midtown East,Thai,4.0,"allow Outdoor seating, allow Delivery, allow Takeout",Midtown East,$11-30,https://www.yelp.com/biz/sukhumvit-51-new-york?osq=Restaurants,https://www.yelp.com/biz/KHdYPT0jUnUGdHGaY73mxg?show_platform_modal=True,https://www.yelp.com/search?find_desc=Restaurants&find_loc=Manhattan%2C+NY&start=170
Emily - West Village,West Village,"Pizza, Burgers",4.1,"allow Outdoor seating, allow Delivery, allow Takeout",West Village,$11-30,https://www.yelp.com/biz/emily-west-village-new-york?osq=Restaurants,https://www.yelp.com/biz/m86CNmYThtzzWB3nPnrhbg?show_platform_modal=True,https://www.yelp.com/search?find_desc=Restaurants&find_loc=Manhattan%2C+NY&start=170
Hakata Tonton,Midtown West,Japanese,4.2,"not allow Outdoor seating, allow Delivery, allow Takeout",,,https://www.yelp.com/biz/hakata-tonton-new-york-7?osq=Restaurants,https://www.yelp.com/search?find_desc=Restaurants&find_loc=Manhattan%2C+NY&start=180,https://www.yelp.com/search?find_desc=Restaurants&find_loc=Manhattan%2C+NY&start=180
Soba-ya,East Village,"Japanese, Noodles",3.8,"allow Outdoor seating, allow Delivery, allow Takeout",East Village,$11-30,https://www.yelp.com/biz/soba-ya-new-york?osq=Restaurants,https://www.yelp.com/biz/i8ejDDR4COtukAAA1Ls5fw?show_platform_modal=True,https://www.yelp.com/search?find_desc=Restaurants&find_loc=Manhattan%2C+NY&start=180
Massawa,Morningside Heights,"Ethiopian, Eritrean, Vegan",4.2,"allow Outdoor seating, allow Delivery, allow Takeout",Morningside Heights,$11-30,https://www.yelp.com/biz/massawa-new-york?osq=Restaurants,https://www.yelp.com/biz/C2E1E0o-ssSrf_dokwxTXg?show_platform_modal=True,https://www.yelp.com/search?find_desc=Restaurants&find_loc=Manhattan%2C+NY&start=180
Carlotto,Gramercy,Italian,4.3,not allow Outdoor seating,,,https://www.yelp.com/biz/carlotto-new-york?osq=Restaurants,https://www.yelp.com/search?find_desc=Restaurants&find_loc=Manhattan%2C+NY&start=180,https://www.yelp.com/search?find_desc=Restaurants&find_loc=Manhattan%2C+NY&start=180
Melt Shop,Theater District,"Sandwiches, Salad, Comfort Food",3.9,"allow Delivery, allow Takeout",Theater District,$11-30,https://www.yelp.com/biz/melt-shop-new-york-3?osq=Restaurants,https://www.yelp.com/search?find_desc=Restaurants&find_loc=Manhattan%2C+NY&start=180,https://www.yelp.com/search?find_desc=Restaurants&find_loc=Manhattan%2C+NY&start=180
Jack’s Wife Freda,West Village,"Mediterranean, Cocktail Bars, Breakfast & Brunch",3.9,"allow Outdoor seating, allow Delivery, allow Takeout",West Village,$11-30,https://www.yelp.com/biz/jacks-wife-freda-new-york-2?osq=Restaurants,https://www.yelp.com/search?find_desc=Restaurants&find_loc=Manhattan%2C+NY&start=180,https://www.yelp.com/search?find_desc=Restaurants&find_loc=Manhattan%2C+NY&start=180
Beyond Sushi,Midtown West,"Vegan, Vegetarian, Gluten-Free",4.5,"allow Outdoor seating, allow Delivery, allow Takeout",Midtown West,$11-30,https://www.yelp.com/biz/beyond-sushi-new-york-4?osq=Restaurants,https://www.yelp.com/biz/TcuWyuZAORVnQBPCMNbTgw?show_platform_modal=True,https://www.yelp.com/search?find_desc=Restaurants&find_loc=Manhattan%2C+NY&start=180
Burger & Lobster - Flatiron NYC,Flatiron,"Seafood, Burgers, American (New)",4.2,"allow Outdoor seating, allow Delivery, allow Takeout",Flatiron,$31-60,https://www.yelp.com/biz/burger-and-lobster-flatiron-nyc-new-york?osq=Restaurants,https://www.yelp.com/biz/UA2M9QFZghe-9th2KwLoWQ?show_platform_modal=True,https://www.yelp.com/search?find_desc=Restaurants&find_loc=Manhattan%2C+NY&start=180
Coletta,Kips Bay,"Vegan, Vegetarian, Italian",4.6,"not allow Outdoor seating, allow Delivery, allow Takeout",Kips Bay,$31-60,https://www.yelp.com/biz/coletta-new-york-2?osq=Restaurants,https://www.yelp.com/biz/JwCnSW-RQ7_DxvbzWNO1hA?show_platform_modal=True,https://www.yelp.com/search?find_desc=Restaurants&find_loc=Manhattan%2C+NY&start=180
Lin & Daughters,West Village,"Chinese, Noodles, Bubble Tea",4.8,"not allow Outdoor seating, allow Delivery, allow Takeout",West Village,$11-30,https://www.yelp.com/biz/lin-and-daughters-new-york?osq=Restaurants,https://www.yelp.com/biz/SYFLyQAFRFoDURRWafeLKA?show_platform_modal=True,https://www.yelp.com/search?find_desc=Restaurants&find_loc=Manhattan%2C+NY&start=180
Olly Olly Market,Chelsea,Food Court,4.4,"allow Delivery, allow Takeout",,,https://www.yelp.com/biz/olly-olly-market-new-york-2?osq=Restaurants,https://www.yelp.com/search?find_desc=Restaurants&find_loc=Manhattan%2C+NY&start=190,https://www.yelp.com/search?find_desc=Restaurants&find_loc=Manhattan%2C+NY&start=190
Clover Hill,Brooklyn Heights,American (New),4.5,"not allow Outdoor seating, not allow Delivery, not allow Takeout",,,https://www.yelp.com/biz/clover-hill-brooklyn?osq=Restaurants,https://www.yelp.com/search?find_desc=Restaurants&find_loc=Manhattan%2C+NY&start=190,https://www.yelp.com/search?find_desc=Restaurants&find_loc=Manhattan%2C+NY&start=190
Little Collins,Midtown East,"Coffee & Tea, Breakfast & Brunch, Sandwiches",4.3,"allow Delivery, allow Takeout",,,https://www.yelp.com/biz/little-collins-new-york-4?osq=Restaurants,https://www.yelp.com/biz/ocnBwDrl3Q0iWdMFrS0T3g?show_platform_modal=True,https://www.yelp.com/search?find_desc=Restaurants&find_loc=Manhattan%2C+NY&start=190
Jiang Nan,Lower East Side,"Shanghainese, Szechuan, Asian Fusion",4.2,"not allow Outdoor seating, allow Delivery, allow Takeout",,,https://www.yelp.com/biz/jiang-nan-new-york?osq=Restaurants,https://www.yelp.com/biz/LTVNsNBh_0FI8MYrPfjRDQ?show_platform_modal=True,https://www.yelp.com/search?find_desc=Restaurants&find_loc=Manhattan%2C+NY&start=190
The Maze,Koreatown,"Korean, Cocktail Bars, Mexican",3.9,"not allow Outdoor seating, not allow Delivery, allow Takeout",Koreatown,$11-30,https://www.yelp.com/biz/the-maze-new-york-3?osq=Restaurants,https://www.yelp.com/search?find_desc=Restaurants&find_loc=Manhattan%2C+NY&start=190,https://www.yelp.com/search?find_desc=Restaurants&find_loc=Manhattan%2C+NY&start=190
Roscioli,South Village,Italian,4.7,,,,https://www.yelp.com/biz/roscioli-new-york-2?osq=Restaurants,https://www.yelp.com/search?find_desc=Restaurants&find_loc=Manhattan%2C+NY&start=190,https://www.yelp.com/search?find_desc=Restaurants&find_loc=Manhattan%2C+NY&start=190
SUGARFISH | Midtown East,Midtown East,"Sushi Bars, Japanese",4.3,"not allow Outdoor seating, allow Delivery, allow Takeout",,,https://www.yelp.com/biz/sugarfish-midtown-east-new-york?osq=Restaurants,https://www.yelp.com/search?find_desc=Restaurants&find_loc=Manhattan%2C+NY&start=190,https://www.yelp.com/search?find_desc=Restaurants&find_loc=Manhattan%2C+NY&start=190
Tomi Jazz,Midtown East,"Japanese, Jazz & Blues",4.4,"not allow Outdoor seating, allow Delivery, allow Takeout",Midtown East,$11-30,https://www.yelp.com/biz/tomi-jazz-new-york?osq=Restaurants,https://www.yelp.com/biz/l_RAv09V67j-Hm9dyZxWhw?show_platform_modal=True,https://www.yelp.com/search?find_desc=Restaurants&find_loc=Manhattan%2C+NY&start=190
Electric Lemon,Chelsea,"American (New), Desserts, Breakfast & Brunch",3.6,"allow Outdoor seating, not allow Delivery, not allow Takeout",Chelsea,$31-60,https://www.yelp.com/biz/electric-lemon-new-york?osq=Restaurants,https://www.yelp.com/search?find_desc=Restaurants&find_loc=Manhattan%2C+NY&start=190,https://www.yelp.com/search?find_desc=Restaurants&find_loc=Manhattan%2C+NY&start=190
Resolution 39,Midtown West,"American (New), Lounges",5.0,"allow Outdoor seating, allow Takeout",,,https://www.yelp.com/biz/resolution-39-new-york-2?osq=Restaurants,https://www.yelp.com/search?find_desc=Restaurants&find_loc=Manhattan%2C+NY&start=190,https://www.yelp.com/search?find_desc=Restaurants&find_loc=Manhattan%2C+NY&start=190
Le Sia,Midtown West,"Asian Fusion, Chinese, Cajun/Creole",4.3,"allow Outdoor seating, allow Delivery, allow Takeout",Midtown West,$31-60,https://www.yelp.com/biz/le-sia-new-york-4?osq=Restaurants,https://www.yelp.com/biz/C3tP0fNNAoxOAC3O406CXQ?show_platform_modal=True,https://www.yelp.com/search?find_desc=Restaurants&find_loc=Manhattan%2C+NY&start=200
Mercato,Midtown West,"Italian, Cocktail Bars, Desserts",3.8,"allow Outdoor seating, allow Delivery, allow Takeout",Midtown West,$31-60,https://www.yelp.com/biz/mercato-new-york?osq=Restaurants,https://www.yelp.com/biz/Ve6GVzzJpR5QIIPdcn6ViQ?show_platform_modal=True,https://www.yelp.com/search?find_desc=Restaurants&find_loc=Manhattan%2C+NY&start=200
The Flatiron Room - Murray Hill,Midtown East,"American (New), Jazz & Blues, Lounges",4.3,"allow Outdoor seating, not allow Delivery, not allow Takeout",Midtown East,$31-60,https://www.yelp.com/biz/the-flatiron-room-murray-hill-new-york?osq=Restaurants,https://www.yelp.com/search?find_desc=Restaurants&find_loc=Manhattan%2C+NY&start=200,https://www.yelp.com/search?find_desc=Restaurants&find_loc=Manhattan%2C+NY&start=200
Nom Nam,Murray Hill,"Vietnamese, Steakhouses",4.7,"not allow Outdoor seating, allow Delivery, allow Takeout",,,https://www.yelp.com/biz/nom-nam-new-york?osq=Restaurants,https://www.yelp.com/biz/xCE6-u-FWcyovRYd2uLG7A?show_platform_modal=True,https://www.yelp.com/search?find_desc=Restaurants&find_loc=Manhattan%2C+NY&start=200
Briciola,Theater District,"Italian, Wine Bars, Tapas Bars",4.0,"allow Outdoor seating, allow Delivery, allow Takeout",Theater District,$11-30,https://www.yelp.com/biz/briciola-new-york?osq=Restaurants,https://www.yelp.com/biz/MOwB9YYd-Ko6nVgSB-ltQw?show_platform_modal=True,https://www.yelp.com/search?find_desc=Restaurants&find_loc=Manhattan%2C+NY&start=200
5ive Spice,Nolita,"Vietnamese, Tacos, Sandwiches",4.6,"allow Outdoor seating, allow Delivery, allow Takeout",Nolita,$11-30,https://www.yelp.com/biz/5ive-spice-new-york-2?osq=Restaurants,https://www.yelp.com/search?find_desc=Restaurants&find_loc=Manhattan%2C+NY&start=200,https://www.yelp.com/search?find_desc=Restaurants&find_loc=Manhattan%2C+NY&start=200
P.S. Kitchen,Theater District,"Vegetarian, Bars, Vegan",4.3,"allow Outdoor seating, allow Delivery, allow Takeout",Theater District,$11-30,https://www.yelp.com/biz/p-s-kitchen-new-york-3?osq=Restaurants,https://www.yelp.com/search?find_desc=Restaurants&find_loc=Manhattan%2C+NY&start=200,https://www.yelp.com/search?find_desc=Restaurants&find_loc=Manhattan%2C+NY&start=200
Potluck Club,Lower East Side,Chinese,4.5,"not allow Outdoor seating, allow Delivery, allow Takeout",,,https://www.yelp.com/biz/potluck-club-new-york-2?osq=Restaurants,https://www.yelp.com/biz/gNGxh97n0NZgYG1Q_no9Kg?show_platform_modal=True,https://www.yelp.com/search?find_desc=Restaurants&find_loc=Manhattan%2C+NY&start=200
Dim Sum Darling,Theater District,Food Court,4.9,"not allow Outdoor seating, allow Delivery, allow Takeout",,,https://www.yelp.com/biz/dim-sum-darling-new-york?osq=Restaurants,https://www.yelp.com/biz/x2OXYtkHbRTFz8a8ed6JuA?show_platform_modal=True,https://www.yelp.com/search?find_desc=Restaurants&find_loc=Manhattan%2C+NY&start=200
Tina’s Cuban Cuisine,Midtown West,Cuban,3.9,"allow Delivery, allow Takeout",Midtown West,$11-30,https://www.yelp.com/biz/tinas-cuban-cuisine-new-york-14?osq=Restaurants,https://www.yelp.com/biz/efxcTuq9Web2AWehfmYMQw?show_platform_modal=True,https://www.yelp.com/search?find_desc=Restaurants&find_loc=Manhattan%2C+NY&start=200
Potluck Club,Lower East Side,Chinese,4.5,"not allow Outdoor seating, allow Delivery, allow Takeout",,,https://www.yelp.com/biz/potluck-club-new-york-2?osq=Restaurants,https://www.yelp.com/biz/gNGxh97n0NZgYG1Q_no9Kg?show_platform_modal=True,https://www.yelp.com/search?find_desc=Restaurants&find_loc=Manhattan%2C+NY&start=210
Sant Ambroeus,Upper East Side,"Italian, Coffee & Tea, Breakfast & Brunch",3.9,"allow Outdoor seating, allow Delivery, allow Takeout",Upper East Side,$31-60,https://www.yelp.com/biz/sant-ambroeus-new-york?osq=Restaurants,https://www.yelp.com/search?find_desc=Restaurants&find_loc=Manhattan%2C+NY&start=210,https://www.yelp.com/search?find_desc=Restaurants&find_loc=Manhattan%2C+NY&start=210
Dim Sum Darling,Theater District,Food Court,4.9,"not allow Outdoor seating, allow Delivery, allow Takeout",,,https://www.yelp.com/biz/dim-sum-darling-new-york?osq=Restaurants,https://www.yelp.com/biz/x2OXYtkHbRTFz8a8ed6JuA?show_platform_modal=True,https://www.yelp.com/search?find_desc=Restaurants&find_loc=Manhattan%2C+NY&start=210
Tina’s Cuban Cuisine,Midtown West,Cuban,3.9,"allow Delivery, allow Takeout",Midtown West,$11-30,https://www.yelp.com/biz/tinas-cuban-cuisine-new-york-14?osq=Restaurants,https://www.yelp.com/biz/efxcTuq9Web2AWehfmYMQw?show_platform_modal=True,https://www.yelp.com/search?find_desc=Restaurants&find_loc=Manhattan%2C+NY&start=210
Hold Fast Kitchen & Spirits,Midtown West,"American (New), Cocktail Bars, Breakfast & Brunch",4.7,"allow Outdoor seating, allow Takeout",Midtown West,$11-30,https://www.yelp.com/biz/hold-fast-kitchen-and-spirits-new-york?osq=Restaurants,https://www.yelp.com/search?find_desc=Restaurants&find_loc=Manhattan%2C+NY&start=210,https://www.yelp.com/search?find_desc=Restaurants&find_loc=Manhattan%2C+NY&start=210
Hakurakuso,Midtown East,"Japanese, Sushi Bars",4.6,"not allow Outdoor seating, not allow Delivery, allow Takeout",,,https://www.yelp.com/biz/hakurakuso-new-york?osq=Restaurants,https://www.yelp.com/search?find_desc=Restaurants&find_loc=Manhattan%2C+NY&start=210,https://www.yelp.com/search?find_desc=Restaurants&find_loc=Manhattan%2C+NY&start=210
Gotham West Market,Hell's Kitchen,Food Court,3.9,"allow Outdoor seating, allow Delivery, allow Takeout",Hell's Kitchen,$11-30,https://www.yelp.com/biz/gotham-west-market-new-york?osq=Restaurants,https://www.yelp.com/biz/bBDzXNM7Y7_8WE2Sm6R_ig?show_platform_modal=True,https://www.yelp.com/search?find_desc=Restaurants&find_loc=Manhattan%2C+NY&start=210
La Chilaquería - New York,Chelsea,"Mexican, Cafes",4.7,"allow Outdoor seating, not allow Delivery, allow Takeout",,,https://www.yelp.com/biz/la-chilaquer%C3%ADa-new-york-new-york?osq=Restaurants,https://www.yelp.com/search?find_desc=Restaurants&find_loc=Manhattan%2C+NY&start=210,https://www.yelp.com/search?find_desc=Restaurants&find_loc=Manhattan%2C+NY&start=210
Akdeniz Mediterranean Cuisine,Midtown West,"Turkish, Mediterranean, Salad",4.1,"allow Delivery, allow Takeout",Midtown West,$11-30,https://www.yelp.com/biz/akdeniz-mediterranean-cuisine-new-york?osq=Restaurants,https://www.yelp.com/biz/v0LGazMDlyPX5ceLYpZyTg?show_platform_modal=True,https://www.yelp.com/search?find_desc=Restaurants&find_loc=Manhattan%2C+NY&start=210
The Woo,South Village,"Korean, Barbeque",4.1,"allow Outdoor seating, allow Delivery, allow Takeout",,,https://www.yelp.com/biz/the-woo-new-york-2?osq=Restaurants,https://www.yelp.com/biz/sHVnV3l2_mQefULh0mvwUA?show_platform_modal=True,https://www.yelp.com/search?find_desc=Restaurants&find_loc=Manhattan%2C+NY&start=210
Hey Yuet,Chelsea,"Dim Sum, Cantonese",4.4,"not allow Outdoor seating, allow Delivery, allow Takeout",Chelsea,$11-30,https://www.yelp.com/biz/hey-yuet-new-york?osq=Restaurants,https://www.yelp.com/biz/6YehBdKHcLDsvaewhcEjFQ?show_platform_modal=True,https://www.yelp.com/search?find_desc=Restaurants&find_loc=Manhattan%2C+NY&start=220
Zen Pot,Midtown West,Szechuan,4.5,"allow Delivery, allow Takeout",,,https://www.yelp.com/biz/zen-pot-new-york?osq=Restaurants,https://www.yelp.com/search?find_desc=Restaurants&find_loc=Manhattan%2C+NY&start=220,https://www.yelp.com/search?find_desc=Restaurants&find_loc=Manhattan%2C+NY&start=220
La Pecora Bianca,Upper West Side,"Italian, Wine Bars, Breakfast & Brunch",4.0,"allow Delivery, allow Takeout",,,https://www.yelp.com/biz/la-pecora-bianca-new-york-9?osq=Restaurants,https://www.yelp.com/search?find_desc=Restaurants&find_loc=Manhattan%2C+NY&start=220,https://www.yelp.com/search?find_desc=Restaurants&find_loc=Manhattan%2C+NY&start=220
Soba Noodle Azuma,Midtown West,"Noodles, Izakaya",4.0,"not allow Outdoor seating, allow Delivery, allow Takeout",Midtown West,$11-30,https://www.yelp.com/biz/soba-noodle-azuma-new-york-3?osq=Restaurants,https://www.yelp.com/search?find_desc=Restaurants&find_loc=Manhattan%2C+NY&start=220,https://www.yelp.com/search?find_desc=Restaurants&find_loc=Manhattan%2C+NY&start=220
Papillon Bistro & Bar,Midtown East,"French, Brasseries, American (New)",3.3,"allow Outdoor seating, allow Delivery, allow Takeout",Midtown East,$11-30,https://www.yelp.com/biz/papillon-bistro-and-bar-new-york?osq=Restaurants,https://www.yelp.com/search?find_desc=Restaurants&find_loc=Manhattan%2C+NY&start=220,https://www.yelp.com/search?find_desc=Restaurants&find_loc=Manhattan%2C+NY&start=220
Friedman’s Kitchen + Bar,Theater District,"American (New), Wine Bars",4.3,"allow Delivery, allow Takeout",,,https://www.yelp.com/biz/friedmans-kitchen-bar-new-york?osq=Restaurants,https://www.yelp.com/search?find_desc=Restaurants&find_loc=Manhattan%2C+NY&start=220,https://www.yelp.com/search?find_desc=Restaurants&find_loc=Manhattan%2C+NY&start=220
The Milling Room,Upper West Side,"American (New), Wine Bars, Cocktail Bars",4.1,"allow Outdoor seating, allow Delivery, allow Takeout",Upper West Side,$31-60,https://www.yelp.com/biz/the-milling-room-new-york-2?osq=Restaurants,https://www.yelp.com/biz/PnGSE8JGbMZKtdHi9go7Kg?show_platform_modal=True,https://www.yelp.com/search?find_desc=Restaurants&find_loc=Manhattan%2C+NY&start=220
Bel Ami,Upper East Side,"French, Cafes, Sandwiches",4.0,"allow Outdoor seating, allow Delivery, allow Takeout",Upper East Side,$11-30,https://www.yelp.com/biz/bel-ami-new-york-2?osq=Restaurants,https://www.yelp.com/search?find_desc=Restaurants&find_loc=Manhattan%2C+NY&start=220,https://www.yelp.com/search?find_desc=Restaurants&find_loc=Manhattan%2C+NY&start=220
Mr Mista Oh,Flatiron,Korean,4.5,"allow Outdoor seating, allow Delivery, allow Takeout",Flatiron,$11-30,https://www.yelp.com/biz/mr-mista-oh-new-york?osq=Restaurants,https://www.yelp.com/biz/md5mjDamLsh1uxHDU9PfGA?show_platform_modal=True,https://www.yelp.com/search?find_desc=Restaurants&find_loc=Manhattan%2C+NY&start=220
Bluestone Lane Upper East Side Café,Upper East Side,"Coffee & Tea, Breakfast & Brunch",3.8,"allow Outdoor seating, allow Delivery, allow Takeout",Upper East Side,$11-30,https://www.yelp.com/biz/bluestone-lane-upper-east-side-caf%C3%A9-new-york?osq=Restaurants,https://www.yelp.com/biz/7gbWC5D0y0ZTUF-WDLwuYw?show_platform_modal=True,https://www.yelp.com/search?find_desc=Restaurants&find_loc=Manhattan%2C+NY&start=220
Isla & Co,Midtown West,"Australian, Cocktail Bars, Seafood",4.6,"allow Outdoor seating, allow Delivery, allow Takeout",,,https://www.yelp.com/biz/isla-and-co-new-york-3?osq=Restaurants,https://www.yelp.com/biz/HWf1Y00FrxAVMJXrlRYdhw?show_platform_modal=True,https://www.yelp.com/search?find_desc=Restaurants&find_loc=Manhattan%2C+NY&start=230
Raosu Hotpot & Sushi,Midtown West,"Hot Pot, Sushi Bars, Asian Fusion",4.3,"allow Delivery, allow Takeout",,,https://www.yelp.com/biz/raosu-hotpot-and-sushi-new-york?osq=Restaurants,https://www.yelp.com/reservations/raosu-hotpot-and-sushi-new-york,https://www.yelp.com/search?find_desc=Restaurants&find_loc=Manhattan%2C+NY&start=230
Jajaja Mexicana,Chelsea,"Mexican, Bars",4.4,"allow Delivery, allow Takeout",,,https://www.yelp.com/biz/jajaja-mexicana-new-york?osq=Restaurants,https://www.yelp.com/search?find_desc=Restaurants&find_loc=Manhattan%2C+NY&start=230,https://www.yelp.com/search?find_desc=Restaurants&find_loc=Manhattan%2C+NY&start=230
Bird Dog,West Village,"Southern, Tuscan",4.5,"allow Outdoor seating, allow Delivery, allow Takeout",,,https://www.yelp.com/biz/bird-dog-new-york?osq=Restaurants,https://www.yelp.com/search?find_desc=Restaurants&find_loc=Manhattan%2C+NY&start=230,https://www.yelp.com/search?find_desc=Restaurants&find_loc=Manhattan%2C+NY&start=230
bōm,Flatiron,Korean,5.0,,,,https://www.yelp.com/biz/b%C5%8Dm-new-york-3?osq=Restaurants,https://www.yelp.com/search?find_desc=Restaurants&find_loc=Manhattan%2C+NY&start=230,https://www.yelp.com/search?find_desc=Restaurants&find_loc=Manhattan%2C+NY&start=230
District Social,Midtown West,"Bars, American (New)",4.1,,Midtown West,$11-30,https://www.yelp.com/biz/district-social-new-york?osq=Restaurants,https://www.yelp.com/search?find_desc=Restaurants&find_loc=Manhattan%2C+NY&start=230,https://www.yelp.com/search?find_desc=Restaurants&find_loc=Manhattan%2C+NY&start=230
Udon Lab,Koreatown,"Noodles, Japanese, Sushi Bars",3.9,"allow Delivery, allow Takeout",Koreatown,$11-30,https://www.yelp.com/biz/udon-lab-new-york?osq=Restaurants,https://www.yelp.com/biz/kjItczuC-FQa-nECT9VF8A?show_platform_modal=True,https://www.yelp.com/search?find_desc=Restaurants&find_loc=Manhattan%2C+NY&start=230
K’Far,Williamsburg - North Side,"Breakfast & Brunch, Bagels, Middle Eastern",4.5,"allow Outdoor seating, allow Takeout",,,https://www.yelp.com/biz/kfar-brooklyn?osq=Restaurants,https://www.yelp.com/search?find_desc=Restaurants&find_loc=Manhattan%2C+NY&start=230,https://www.yelp.com/search?find_desc=Restaurants&find_loc=Manhattan%2C+NY&start=230
Laser Wolf,Williamsburg - North Side,"Middle Eastern, Desserts, Cocktail Bars",4.4,,Williamsburg - North Side,$31-60,https://www.yelp.com/biz/laser-wolf-brooklyn-2?osq=Restaurants,https://www.yelp.com/search?find_desc=Restaurants&find_loc=Manhattan%2C+NY&start=230,https://www.yelp.com/search?find_desc=Restaurants&find_loc=Manhattan%2C+NY&start=230
Ichibantei,East Village,"Japanese, Steakhouses",3.9,"allow Outdoor seating, allow Delivery, allow Takeout",East Village,$11-30,https://www.yelp.com/biz/ichibantei-new-york?osq=Restaurants,https://www.yelp.com/search?find_desc=Restaurants&find_loc=Manhattan%2C+NY&start=230,https://www.yelp.com/search?find_desc=Restaurants&find_loc=Manhattan%2C+NY&start=230
